-- MySQL dump 10.13  Distrib 5.6.13, for Win64 (x86_64)
--
-- Host: localhost    Database: freemdm
-- ------------------------------------------------------
-- Server version	5.6.13

/*!40101 SET @OLD_CHARACTER_SET_CLIENT=@@CHARACTER_SET_CLIENT */;
/*!40101 SET @OLD_CHARACTER_SET_RESULTS=@@CHARACTER_SET_RESULTS */;
/*!40101 SET @OLD_COLLATION_CONNECTION=@@COLLATION_CONNECTION */;
/*!40101 SET NAMES utf8 */;
/*!40103 SET @OLD_TIME_ZONE=@@TIME_ZONE */;
/*!40103 SET TIME_ZONE='+00:00' */;
/*!40014 SET @OLD_UNIQUE_CHECKS=@@UNIQUE_CHECKS, UNIQUE_CHECKS=0 */;
/*!40014 SET @OLD_FOREIGN_KEY_CHECKS=@@FOREIGN_KEY_CHECKS, FOREIGN_KEY_CHECKS=0 */;
/*!40101 SET @OLD_SQL_MODE=@@SQL_MODE, SQL_MODE='NO_AUTO_VALUE_ON_ZERO' */;
/*!40111 SET @OLD_SQL_NOTES=@@SQL_NOTES, SQL_NOTES=0 */;

--
-- Table structure for table `database_variants`
--

DROP TABLE IF EXISTS `database_variants`;
/*!40101 SET @saved_cs_client     = @@character_set_client */;
/*!40101 SET character_set_client = utf8 */;
CREATE TABLE `database_variants` (
  `id` int(11) NOT NULL AUTO_INCREMENT,
  `name` varchar(255) DEFAULT NULL,
  `connect_info` varchar(255) DEFAULT NULL,
  PRIMARY KEY (`id`)
) ENGINE=InnoDB DEFAULT CHARSET=utf8;
/*!40101 SET character_set_client = @saved_cs_client */;

--
-- Dumping data for table `database_variants`
--

LOCK TABLES `database_variants` WRITE;
/*!40000 ALTER TABLE `database_variants` DISABLE KEYS */;
/*!40000 ALTER TABLE `database_variants` ENABLE KEYS */;
UNLOCK TABLES;

--
-- Table structure for table `mdm_columns`
--

DROP TABLE IF EXISTS `mdm_columns`;
/*!40101 SET @saved_cs_client     = @@character_set_client */;
/*!40101 SET character_set_client = utf8 */;
CREATE TABLE `mdm_columns` (
  `id` int(11) NOT NULL AUTO_INCREMENT,
  `name` varchar(255) DEFAULT NULL,
  `mdm_data_type_id` int(11) DEFAULT NULL,
  `mdm_object_id` int(11) DEFAULT NULL,
  `precision` varchar(255) DEFAULT NULL,
  `scale` varchar(255) DEFAULT NULL,
  PRIMARY KEY (`id`)
) ENGINE=InnoDB AUTO_INCREMENT=2215 DEFAULT CHARSET=utf8;
/*!40101 SET character_set_client = @saved_cs_client */;

--
-- Dumping data for table `mdm_columns`
--

LOCK TABLES `mdm_columns` WRITE;
/*!40000 ALTER TABLE `mdm_columns` DISABLE KEYS */;
INSERT INTO `mdm_columns` VALUES (1,'Name',1,2,NULL,NULL),(2,'City',1,NULL,NULL,NULL),(3,'id',1,NULL,NULL,NULL),(4,'name',1,NULL,NULL,NULL),(5,'connect_info',1,NULL,NULL,NULL),(90,'id',1,33,NULL,NULL),(91,'name',1,33,NULL,NULL),(92,'connect_info',1,33,NULL,NULL),(93,'id',1,34,NULL,NULL),(94,'name',1,34,NULL,NULL),(95,'mdm_data_type_id',1,34,NULL,NULL),(96,'mdm_object_id',1,34,NULL,NULL),(97,'precision',1,34,NULL,NULL),(98,'scale',1,34,NULL,NULL),(99,'id',1,35,NULL,NULL),(100,'name',1,35,NULL,NULL),(101,'id',1,36,NULL,NULL),(102,'name',1,36,NULL,NULL),(103,'sql_type',1,36,NULL,NULL),(104,'id',1,37,NULL,NULL),(105,'mdm_column_id',1,37,NULL,NULL),(106,'mdm_object_id',1,37,NULL,NULL),(107,'id',1,38,NULL,NULL),(108,'name',1,38,NULL,NULL),(109,'mdm_data_container_id',1,38,NULL,NULL),(110,'id',1,39,NULL,NULL),(111,'name',1,39,NULL,NULL),(112,'mdm_model_id',1,39,NULL,NULL),(113,'id',1,40,NULL,NULL),(114,'mdm_column_id',1,40,NULL,NULL),(115,'mdm_object_id',1,40,NULL,NULL),(117,'table_rid',1,NULL,NULL,NULL),(118,'bloc_id',1,NULL,NULL,NULL),(119,'revision_id',1,NULL,NULL,NULL),(120,'record_id',1,NULL,NULL,NULL),(121,'shared_revision',1,NULL,NULL,NULL),(122,'revision_date',1,NULL,NULL,NULL),(123,'content',1,NULL,NULL,NULL),(124,'ctp_id',1,NULL,NULL,NULL),(125,'column_type_name',1,NULL,NULL,NULL),(126,'namespace',1,NULL,NULL,NULL),(127,'txs_id',1,NULL,NULL,NULL),(128,'cxs_id',1,NULL,NULL,NULL),(129,'column_path',1,NULL,NULL,NULL),(130,'ctp_id',1,NULL,NULL,NULL),(131,'column_name_in_db',1,NULL,NULL,NULL),(132,'state',1,NULL,NULL,NULL),(133,'last_write',1,NULL,NULL,NULL),(134,'script_id',1,NULL,NULL,NULL),(135,'operation_id',1,NULL,NULL,NULL),(136,'statement',1,NULL,NULL,NULL),(137,'start_time',1,NULL,NULL,NULL),(138,'end_time',1,NULL,NULL,NULL),(139,'script_id',1,NULL,NULL,NULL),(140,'repository_patch',1,NULL,NULL,NULL),(141,'product_info',1,NULL,NULL,NULL),(142,'start_time',1,NULL,NULL,NULL),(143,'end_time',1,NULL,NULL,NULL),(144,'script_id',1,NULL,NULL,NULL),(145,'txs_id',1,NULL,NULL,NULL),(146,'script_id',1,NULL,NULL,NULL),(147,'operation_id',1,NULL,NULL,NULL),(148,'execution_id',1,NULL,NULL,NULL),(149,'start_time',1,NULL,NULL,NULL),(150,'end_time',1,NULL,NULL,NULL),(151,'error',1,NULL,NULL,NULL),(152,'fct_id',1,NULL,NULL,NULL),(153,'txs_id',1,NULL,NULL,NULL),(154,'cxs_id',1,NULL,NULL,NULL),(155,'facet_name',1,NULL,NULL,NULL),(156,'value_string',1,NULL,NULL,NULL),(157,'value_int',1,NULL,NULL,NULL),(158,'state',1,NULL,NULL,NULL),(159,'last_write',1,NULL,NULL,NULL),(160,'tx_id',1,NULL,NULL,NULL),(161,'instance_id',1,NULL,NULL,NULL),(162,'op',1,NULL,NULL,NULL),(163,'aln_cntry_stl_plan_disc_dt',1,NULL,NULL,NULL),(164,'oaln_cntry_stl_plan_disc_dt',1,NULL,NULL,NULL),(165,'aln_cntry_stl_plan_eff_dt',1,NULL,NULL,NULL),(166,'oaln_cntry_stl_plan_eff_dt',1,NULL,NULL,NULL),(167,'chg_rsn_cm_txt',1,NULL,NULL,NULL),(168,'ochg_rsn_cm_txt',1,NULL,NULL,NULL),(169,'country_setttl_plan_eff_dt',1,NULL,NULL,NULL),(170,'ocountry_setttl_plan_eff_dt',1,NULL,NULL,NULL),(171,'country_sett__cntry_srt_cd',1,NULL,NULL,NULL),(172,'ocountry_sett__cntry_srt_cd',1,NULL,NULL,NULL),(173,'country_setttl_plan_eff_dt00',1,NULL,NULL,NULL),(174,'ocountry_setttl_plan_eff_dt00',1,NULL,NULL,NULL),(175,'country_settplan_surogt_id',1,NULL,NULL,NULL),(176,'ocountry_settplan_surogt_id',1,NULL,NULL,NULL),(177,'gds_cd_',1,NULL,NULL,NULL),(178,'ogds_cd_',1,NULL,NULL,NULL),(179,'pref_tkt_issuing_methd_cd_',1,NULL,NULL,NULL),(180,'opref_tkt_issuing_methd_cd_',1,NULL,NULL,NULL),(181,'rqr_tkt_issue_methd_cd_',1,NULL,NULL,NULL),(182,'orqr_tkt_issue_methd_cd_',1,NULL,NULL,NULL),(183,'psngr_aln_',1,NULL,NULL,NULL),(184,'opsngr_aln_',1,NULL,NULL,NULL),(185,'tx_id',1,NULL,NULL,NULL),(186,'instance_id',1,NULL,NULL,NULL),(187,'op',1,NULL,NULL,NULL),(188,'aln_cntry_stl_plan_disc_dt',1,NULL,NULL,NULL),(189,'oaln_cntry_stl_plan_disc_dt',1,NULL,NULL,NULL),(190,'aln_cntry_stl_plan_eff_dt',1,NULL,NULL,NULL),(191,'oaln_cntry_stl_plan_eff_dt',1,NULL,NULL,NULL),(192,'chg_rsn_cm_txt',1,NULL,NULL,NULL),(193,'ochg_rsn_cm_txt',1,NULL,NULL,NULL),(194,'country_setttl_plan_eff_dt',1,NULL,NULL,NULL),(195,'ocountry_setttl_plan_eff_dt',1,NULL,NULL,NULL),(196,'country_sett__cntry_srt_cd',1,NULL,NULL,NULL),(197,'ocountry_sett__cntry_srt_cd',1,NULL,NULL,NULL),(198,'country_setttl_plan_eff_dt00',1,NULL,NULL,NULL),(199,'ocountry_setttl_plan_eff_dt00',1,NULL,NULL,NULL),(200,'country_settplan_surogt_id',1,NULL,NULL,NULL),(201,'ocountry_settplan_surogt_id',1,NULL,NULL,NULL),(202,'gds_cd_',1,NULL,NULL,NULL),(203,'ogds_cd_',1,NULL,NULL,NULL),(204,'pref_tkt_issuing_methd_cd_',1,NULL,NULL,NULL),(205,'opref_tkt_issuing_methd_cd_',1,NULL,NULL,NULL),(206,'rqr_tkt_issue_methd_cd_',1,NULL,NULL,NULL),(207,'orqr_tkt_issue_methd_cd_',1,NULL,NULL,NULL),(208,'psngr_aln_',1,NULL,NULL,NULL),(209,'opsngr_aln_',1,NULL,NULL,NULL),(210,'tx_id',1,NULL,NULL,NULL),(211,'instance_id',1,NULL,NULL,NULL),(212,'op',1,NULL,NULL,NULL),(213,'aln_cntry_stl_plan_disc_dt',1,NULL,NULL,NULL),(214,'oaln_cntry_stl_plan_disc_dt',1,NULL,NULL,NULL),(215,'aln_cntry_stl_plan_eff_dt',1,NULL,NULL,NULL),(216,'oaln_cntry_stl_plan_eff_dt',1,NULL,NULL,NULL),(217,'chg_rsn_cm_txt',1,NULL,NULL,NULL),(218,'ochg_rsn_cm_txt',1,NULL,NULL,NULL),(219,'country_setttl_plan_eff_dt',1,NULL,NULL,NULL),(220,'ocountry_setttl_plan_eff_dt',1,NULL,NULL,NULL),(221,'country_sett__cntry_srt_cd',1,NULL,NULL,NULL),(222,'ocountry_sett__cntry_srt_cd',1,NULL,NULL,NULL),(223,'country_setttl_plan_eff_dt00',1,NULL,NULL,NULL),(224,'ocountry_setttl_plan_eff_dt00',1,NULL,NULL,NULL),(225,'country_settplan_surogt_id',1,NULL,NULL,NULL),(226,'ocountry_settplan_surogt_id',1,NULL,NULL,NULL),(227,'gds_cd_',1,NULL,NULL,NULL),(228,'ogds_cd_',1,NULL,NULL,NULL),(229,'pref_tkt_issuing_methd_cd_',1,NULL,NULL,NULL),(230,'opref_tkt_issuing_methd_cd_',1,NULL,NULL,NULL),(231,'rqr_tkt_issue_methd_cd_',1,NULL,NULL,NULL),(232,'orqr_tkt_issue_methd_cd_',1,NULL,NULL,NULL),(233,'psngr_aln_',1,NULL,NULL,NULL),(234,'opsngr_aln_',1,NULL,NULL,NULL),(235,'tx_id',1,NULL,NULL,NULL),(236,'instance_id',1,NULL,NULL,NULL),(237,'op',1,NULL,NULL,NULL),(238,'cntry_srt_cd',1,NULL,NULL,NULL),(239,'ocntry_srt_cd',1,NULL,NULL,NULL),(240,'chg_rsn_cm_txt',1,NULL,NULL,NULL),(241,'ochg_rsn_cm_txt',1,NULL,NULL,NULL),(242,'disc_dt',1,NULL,NULL,NULL),(243,'odisc_dt',1,NULL,NULL,NULL),(244,'eff_dt',1,NULL,NULL,NULL),(245,'oeff_dt',1,NULL,NULL,NULL),(246,'aln_intrln_agr_typ_',1,NULL,NULL,NULL),(247,'oaln_intrln_agr_typ_',1,NULL,NULL,NULL),(248,'papertkt_auth_ind',1,NULL,NULL,NULL),(249,'opapertkt_auth_ind',1,NULL,NULL,NULL),(250,'etkt_auth_ind',1,NULL,NULL,NULL),(251,'oetkt_auth_ind',1,NULL,NULL,NULL),(252,'prc_psngr_aln_surogt_id_',1,NULL,NULL,NULL),(253,'oprc_psngr_aln_surogt_id_',1,NULL,NULL,NULL),(254,'vld_psngr_aln_surogt_id_',1,NULL,NULL,NULL),(255,'ovld_psngr_aln_surogt_id_',1,NULL,NULL,NULL),(256,'gds_cd',1,NULL,NULL,NULL),(257,'ogds_cd',1,NULL,NULL,NULL),(258,'tx_id',1,NULL,NULL,NULL),(259,'instance_id',1,NULL,NULL,NULL),(260,'op',1,NULL,NULL,NULL),(261,'cntry_srt_cd',1,NULL,NULL,NULL),(262,'ocntry_srt_cd',1,NULL,NULL,NULL),(263,'chg_rsn_cm_txt',1,NULL,NULL,NULL),(264,'ochg_rsn_cm_txt',1,NULL,NULL,NULL),(265,'disc_dt',1,NULL,NULL,NULL),(266,'odisc_dt',1,NULL,NULL,NULL),(267,'eff_dt',1,NULL,NULL,NULL),(268,'oeff_dt',1,NULL,NULL,NULL),(269,'aln_intrln_agr_typ_',1,NULL,NULL,NULL),(270,'oaln_intrln_agr_typ_',1,NULL,NULL,NULL),(271,'papertkt_auth_ind',1,NULL,NULL,NULL),(272,'opapertkt_auth_ind',1,NULL,NULL,NULL),(273,'etkt_auth_ind',1,NULL,NULL,NULL),(274,'oetkt_auth_ind',1,NULL,NULL,NULL),(275,'prc_psngr_aln_surogt_id_',1,NULL,NULL,NULL),(276,'oprc_psngr_aln_surogt_id_',1,NULL,NULL,NULL),(277,'vld_psngr_aln_surogt_id_',1,NULL,NULL,NULL),(278,'ovld_psngr_aln_surogt_id_',1,NULL,NULL,NULL),(279,'gds_cd',1,NULL,NULL,NULL),(280,'ogds_cd',1,NULL,NULL,NULL),(281,'tx_id',1,NULL,NULL,NULL),(282,'instance_id',1,NULL,NULL,NULL),(283,'op',1,NULL,NULL,NULL),(284,'cntry_srt_cd',1,NULL,NULL,NULL),(285,'ocntry_srt_cd',1,NULL,NULL,NULL),(286,'chg_rsn_cm_txt',1,NULL,NULL,NULL),(287,'ochg_rsn_cm_txt',1,NULL,NULL,NULL),(288,'disc_dt',1,NULL,NULL,NULL),(289,'odisc_dt',1,NULL,NULL,NULL),(290,'eff_dt',1,NULL,NULL,NULL),(291,'oeff_dt',1,NULL,NULL,NULL),(292,'aln_intrln_agr_typ_',1,NULL,NULL,NULL),(293,'oaln_intrln_agr_typ_',1,NULL,NULL,NULL),(294,'papertkt_auth_ind',1,NULL,NULL,NULL),(295,'opapertkt_auth_ind',1,NULL,NULL,NULL),(296,'etkt_auth_ind',1,NULL,NULL,NULL),(297,'oetkt_auth_ind',1,NULL,NULL,NULL),(298,'prc_psngr_aln_surogt_id_',1,NULL,NULL,NULL),(299,'oprc_psngr_aln_surogt_id_',1,NULL,NULL,NULL),(300,'vld_psngr_aln_surogt_id_',1,NULL,NULL,NULL),(301,'ovld_psngr_aln_surogt_id_',1,NULL,NULL,NULL),(302,'gds_cd',1,NULL,NULL,NULL),(303,'ogds_cd',1,NULL,NULL,NULL),(304,'tx_id',1,NULL,NULL,NULL),(305,'instance_id',1,NULL,NULL,NULL),(306,'op',1,NULL,NULL,NULL),(307,'chg_rsn_cm_txt',1,NULL,NULL,NULL),(308,'ochg_rsn_cm_txt',1,NULL,NULL,NULL),(309,'cntry_stl_plan_disc_dt',1,NULL,NULL,NULL),(310,'ocntry_stl_plan_disc_dt',1,NULL,NULL,NULL),(311,'cntry_stl_plan_eff_dt',1,NULL,NULL,NULL),(312,'ocntry_stl_plan_eff_dt',1,NULL,NULL,NULL),(313,'cntry_srt_cd_',1,NULL,NULL,NULL),(314,'ocntry_srt_cd_',1,NULL,NULL,NULL),(315,'stl_plan__stl_plan_eff_dt',1,NULL,NULL,NULL),(316,'ostl_plan__stl_plan_eff_dt',1,NULL,NULL,NULL),(317,'stl_plan__stl_plan_surogt_id',1,NULL,NULL,NULL),(318,'ostl_plan__stl_plan_surogt_id',1,NULL,NULL,NULL),(319,'pref_tkt_issuing_method_',1,NULL,NULL,NULL),(320,'opref_tkt_issuing_method_',1,NULL,NULL,NULL),(321,'rqr_tkt_issue_method_',1,NULL,NULL,NULL),(322,'orqr_tkt_issue_method_',1,NULL,NULL,NULL),(323,'tx_id',1,NULL,NULL,NULL),(324,'instance_id',1,NULL,NULL,NULL),(325,'op',1,NULL,NULL,NULL),(326,'chg_rsn_cm_txt',1,NULL,NULL,NULL),(327,'ochg_rsn_cm_txt',1,NULL,NULL,NULL),(328,'cntry_stl_plan_disc_dt',1,NULL,NULL,NULL),(329,'ocntry_stl_plan_disc_dt',1,NULL,NULL,NULL),(330,'cntry_stl_plan_eff_dt',1,NULL,NULL,NULL),(331,'ocntry_stl_plan_eff_dt',1,NULL,NULL,NULL),(332,'cntry_srt_cd_',1,NULL,NULL,NULL),(333,'ocntry_srt_cd_',1,NULL,NULL,NULL),(334,'stl_plan__stl_plan_eff_dt',1,NULL,NULL,NULL),(335,'ostl_plan__stl_plan_eff_dt',1,NULL,NULL,NULL),(336,'stl_plan__stl_plan_surogt_id',1,NULL,NULL,NULL),(337,'ostl_plan__stl_plan_surogt_id',1,NULL,NULL,NULL),(338,'pref_tkt_issuing_method_',1,NULL,NULL,NULL),(339,'opref_tkt_issuing_method_',1,NULL,NULL,NULL),(340,'rqr_tkt_issue_method_',1,NULL,NULL,NULL),(341,'orqr_tkt_issue_method_',1,NULL,NULL,NULL),(342,'tx_id',1,NULL,NULL,NULL),(343,'instance_id',1,NULL,NULL,NULL),(344,'op',1,NULL,NULL,NULL),(345,'chg_rsn_cm_txt',1,NULL,NULL,NULL),(346,'ochg_rsn_cm_txt',1,NULL,NULL,NULL),(347,'cntry_stl_plan_disc_dt',1,NULL,NULL,NULL),(348,'ocntry_stl_plan_disc_dt',1,NULL,NULL,NULL),(349,'cntry_stl_plan_eff_dt',1,NULL,NULL,NULL),(350,'ocntry_stl_plan_eff_dt',1,NULL,NULL,NULL),(351,'cntry_srt_cd_',1,NULL,NULL,NULL),(352,'ocntry_srt_cd_',1,NULL,NULL,NULL),(353,'stl_plan__stl_plan_eff_dt',1,NULL,NULL,NULL),(354,'ostl_plan__stl_plan_eff_dt',1,NULL,NULL,NULL),(355,'stl_plan__stl_plan_surogt_id',1,NULL,NULL,NULL),(356,'ostl_plan__stl_plan_surogt_id',1,NULL,NULL,NULL),(357,'pref_tkt_issuing_method_',1,NULL,NULL,NULL),(358,'opref_tkt_issuing_method_',1,NULL,NULL,NULL),(359,'rqr_tkt_issue_method_',1,NULL,NULL,NULL),(360,'orqr_tkt_issue_method_',1,NULL,NULL,NULL),(361,'tx_id',1,NULL,NULL,NULL),(362,'instance_id',1,NULL,NULL,NULL),(363,'op',1,NULL,NULL,NULL),(364,'doc_issuing_methd_cd',1,NULL,NULL,NULL),(365,'odoc_issuing_methd_cd',1,NULL,NULL,NULL),(366,'doc_issuing_methd_nm',1,NULL,NULL,NULL),(367,'odoc_issuing_methd_nm',1,NULL,NULL,NULL),(368,'tx_id',1,NULL,NULL,NULL),(369,'instance_id',1,NULL,NULL,NULL),(370,'op',1,NULL,NULL,NULL),(371,'doc_issuing_methd_cd',1,NULL,NULL,NULL),(372,'odoc_issuing_methd_cd',1,NULL,NULL,NULL),(373,'doc_issuing_methd_nm',1,NULL,NULL,NULL),(374,'odoc_issuing_methd_nm',1,NULL,NULL,NULL),(375,'tx_id',1,NULL,NULL,NULL),(376,'instance_id',1,NULL,NULL,NULL),(377,'op',1,NULL,NULL,NULL),(378,'doc_issuing_methd_cd',1,NULL,NULL,NULL),(379,'odoc_issuing_methd_cd',1,NULL,NULL,NULL),(380,'doc_issuing_methd_nm',1,NULL,NULL,NULL),(381,'odoc_issuing_methd_nm',1,NULL,NULL,NULL),(382,'tx_id',1,NULL,NULL,NULL),(383,'instance_id',1,NULL,NULL,NULL),(384,'op',1,NULL,NULL,NULL),(385,'aln_intrln_agr_typ',1,NULL,NULL,NULL),(386,'oaln_intrln_agr_typ',1,NULL,NULL,NULL),(387,'aln_intrln_agr_typ_desc',1,NULL,NULL,NULL),(388,'oaln_intrln_agr_typ_desc',1,NULL,NULL,NULL),(389,'aln_intrln_agr_typ_nm',1,NULL,NULL,NULL),(390,'oaln_intrln_agr_typ_nm',1,NULL,NULL,NULL),(391,'tx_id',1,NULL,NULL,NULL),(392,'instance_id',1,NULL,NULL,NULL),(393,'op',1,NULL,NULL,NULL),(394,'aln_intrln_agr_typ',1,NULL,NULL,NULL),(395,'oaln_intrln_agr_typ',1,NULL,NULL,NULL),(396,'aln_intrln_agr_typ_desc',1,NULL,NULL,NULL),(397,'oaln_intrln_agr_typ_desc',1,NULL,NULL,NULL),(398,'aln_intrln_agr_typ_nm',1,NULL,NULL,NULL),(399,'oaln_intrln_agr_typ_nm',1,NULL,NULL,NULL),(400,'tx_id',1,NULL,NULL,NULL),(401,'instance_id',1,NULL,NULL,NULL),(402,'op',1,NULL,NULL,NULL),(403,'aln_intrln_agr_typ',1,NULL,NULL,NULL),(404,'oaln_intrln_agr_typ',1,NULL,NULL,NULL),(405,'aln_intrln_agr_typ_desc',1,NULL,NULL,NULL),(406,'oaln_intrln_agr_typ_desc',1,NULL,NULL,NULL),(407,'aln_intrln_agr_typ_nm',1,NULL,NULL,NULL),(408,'oaln_intrln_agr_typ_nm',1,NULL,NULL,NULL),(409,'tx_id',1,NULL,NULL,NULL),(410,'instance_id',1,NULL,NULL,NULL),(411,'op',1,NULL,NULL,NULL),(412,'cntry_nm',1,NULL,NULL,NULL),(413,'ocntry_nm',1,NULL,NULL,NULL),(414,'cntry_srt_cd',1,NULL,NULL,NULL),(415,'ocntry_srt_cd',1,NULL,NULL,NULL),(416,'cntry_eff_dt',1,NULL,NULL,NULL),(417,'ocntry_eff_dt',1,NULL,NULL,NULL),(418,'cntry_disc_dt',1,NULL,NULL,NULL),(419,'ocntry_disc_dt',1,NULL,NULL,NULL),(420,'cntry_src_nm',1,NULL,NULL,NULL),(421,'ocntry_src_nm',1,NULL,NULL,NULL),(422,'tx_id',1,NULL,NULL,NULL),(423,'instance_id',1,NULL,NULL,NULL),(424,'op',1,NULL,NULL,NULL),(425,'cntry_nm',1,NULL,NULL,NULL),(426,'ocntry_nm',1,NULL,NULL,NULL),(427,'cntry_srt_cd',1,NULL,NULL,NULL),(428,'ocntry_srt_cd',1,NULL,NULL,NULL),(429,'cntry_eff_dt',1,NULL,NULL,NULL),(430,'ocntry_eff_dt',1,NULL,NULL,NULL),(431,'cntry_disc_dt',1,NULL,NULL,NULL),(432,'ocntry_disc_dt',1,NULL,NULL,NULL),(433,'cntry_src_nm',1,NULL,NULL,NULL),(434,'ocntry_src_nm',1,NULL,NULL,NULL),(435,'tx_id',1,NULL,NULL,NULL),(436,'instance_id',1,NULL,NULL,NULL),(437,'op',1,NULL,NULL,NULL),(438,'cntry_nm',1,NULL,NULL,NULL),(439,'ocntry_nm',1,NULL,NULL,NULL),(440,'cntry_srt_cd',1,NULL,NULL,NULL),(441,'ocntry_srt_cd',1,NULL,NULL,NULL),(442,'cntry_eff_dt',1,NULL,NULL,NULL),(443,'ocntry_eff_dt',1,NULL,NULL,NULL),(444,'cntry_disc_dt',1,NULL,NULL,NULL),(445,'ocntry_disc_dt',1,NULL,NULL,NULL),(446,'cntry_src_nm',1,NULL,NULL,NULL),(447,'ocntry_src_nm',1,NULL,NULL,NULL),(448,'cntry_long_cd',1,NULL,NULL,NULL),(449,'ocntry_long_cd',1,NULL,NULL,NULL),(450,'abc',1,NULL,NULL,NULL),(451,'oabc',1,NULL,NULL,NULL),(452,'tx_id',1,NULL,NULL,NULL),(453,'instance_id',1,NULL,NULL,NULL),(454,'op',1,NULL,NULL,NULL),(455,'gds_cd',1,NULL,NULL,NULL),(456,'ogds_cd',1,NULL,NULL,NULL),(457,'gds_nm',1,NULL,NULL,NULL),(458,'ogds_nm',1,NULL,NULL,NULL),(459,'gds_note_txt',1,NULL,NULL,NULL),(460,'ogds_note_txt',1,NULL,NULL,NULL),(461,'tx_id',1,NULL,NULL,NULL),(462,'instance_id',1,NULL,NULL,NULL),(463,'op',1,NULL,NULL,NULL),(464,'gds_cd',1,NULL,NULL,NULL),(465,'ogds_cd',1,NULL,NULL,NULL),(466,'gds_nm',1,NULL,NULL,NULL),(467,'ogds_nm',1,NULL,NULL,NULL),(468,'gds_note_txt',1,NULL,NULL,NULL),(469,'ogds_note_txt',1,NULL,NULL,NULL),(470,'tx_id',1,NULL,NULL,NULL),(471,'instance_id',1,NULL,NULL,NULL),(472,'op',1,NULL,NULL,NULL),(473,'gds_cd',1,NULL,NULL,NULL),(474,'ogds_cd',1,NULL,NULL,NULL),(475,'gds_nm',1,NULL,NULL,NULL),(476,'ogds_nm',1,NULL,NULL,NULL),(477,'gds_note_txt',1,NULL,NULL,NULL),(478,'ogds_note_txt',1,NULL,NULL,NULL),(479,'tx_id',1,NULL,NULL,NULL),(480,'instance_id',1,NULL,NULL,NULL),(481,'op',1,NULL,NULL,NULL),(482,'stl_plan_stp_cd',1,NULL,NULL,NULL),(483,'ostl_plan_stp_cd',1,NULL,NULL,NULL),(484,'stl_plan_stp_nm',1,NULL,NULL,NULL),(485,'ostl_plan_stp_nm',1,NULL,NULL,NULL),(486,'tx_id',1,NULL,NULL,NULL),(487,'instance_id',1,NULL,NULL,NULL),(488,'op',1,NULL,NULL,NULL),(489,'stl_plan_stp_cd',1,NULL,NULL,NULL),(490,'ostl_plan_stp_cd',1,NULL,NULL,NULL),(491,'stl_plan_stp_nm',1,NULL,NULL,NULL),(492,'ostl_plan_stp_nm',1,NULL,NULL,NULL),(493,'tx_id',1,NULL,NULL,NULL),(494,'instance_id',1,NULL,NULL,NULL),(495,'op',1,NULL,NULL,NULL),(496,'stl_plan_stp_cd',1,NULL,NULL,NULL),(497,'ostl_plan_stp_cd',1,NULL,NULL,NULL),(498,'stl_plan_stp_nm',1,NULL,NULL,NULL),(499,'ostl_plan_stp_nm',1,NULL,NULL,NULL),(500,'tx_id',1,NULL,NULL,NULL),(501,'instance_id',1,NULL,NULL,NULL),(502,'op',1,NULL,NULL,NULL),(503,'stl_plan_typ_cd',1,NULL,NULL,NULL),(504,'ostl_plan_typ_cd',1,NULL,NULL,NULL),(505,'stl_plan_typ_nm',1,NULL,NULL,NULL),(506,'ostl_plan_typ_nm',1,NULL,NULL,NULL),(507,'tx_id',1,NULL,NULL,NULL),(508,'instance_id',1,NULL,NULL,NULL),(509,'op',1,NULL,NULL,NULL),(510,'stl_plan_typ_cd',1,NULL,NULL,NULL),(511,'ostl_plan_typ_cd',1,NULL,NULL,NULL),(512,'stl_plan_typ_nm',1,NULL,NULL,NULL),(513,'ostl_plan_typ_nm',1,NULL,NULL,NULL),(514,'tx_id',1,NULL,NULL,NULL),(515,'instance_id',1,NULL,NULL,NULL),(516,'op',1,NULL,NULL,NULL),(517,'stl_plan_typ_cd',1,NULL,NULL,NULL),(518,'ostl_plan_typ_cd',1,NULL,NULL,NULL),(519,'stl_plan_typ_nm',1,NULL,NULL,NULL),(520,'ostl_plan_typ_nm',1,NULL,NULL,NULL),(521,'tx_id',1,NULL,NULL,NULL),(522,'instance_id',1,NULL,NULL,NULL),(523,'op',1,NULL,NULL,NULL),(524,'vld_agr_typ',1,NULL,NULL,NULL),(525,'ovld_agr_typ',1,NULL,NULL,NULL),(526,'vld_agr_typ_desc',1,NULL,NULL,NULL),(527,'ovld_agr_typ_desc',1,NULL,NULL,NULL),(528,'tx_id',1,NULL,NULL,NULL),(529,'instance_id',1,NULL,NULL,NULL),(530,'op',1,NULL,NULL,NULL),(531,'chg_rsn_cm_txt',1,NULL,NULL,NULL),(532,'ochg_rsn_cm_txt',1,NULL,NULL,NULL),(533,'genrl_sl_agr_cntry_disc_dt',1,NULL,NULL,NULL),(534,'ogenrl_sl_agr_cntry_disc_dt',1,NULL,NULL,NULL),(535,'genrl_sl_agr_cntry_eff_dt',1,NULL,NULL,NULL),(536,'ogenrl_sl_agr_cntry_eff_dt',1,NULL,NULL,NULL),(537,'airline_cntrtl_plan_eff_dt',1,NULL,NULL,NULL),(538,'oairline_cntrtl_plan_eff_dt',1,NULL,NULL,NULL),(539,'airline_cntrtl_plan_eff_dt00',1,NULL,NULL,NULL),(540,'oairline_cntrtl_plan_eff_dt00',1,NULL,NULL,NULL),(541,'airline_cntr__cntry_srt_cd',1,NULL,NULL,NULL),(542,'oairline_cntr__cntry_srt_cd',1,NULL,NULL,NULL),(543,'airline_cntrtl_plan_eff_dt01',1,NULL,NULL,NULL),(544,'oairline_cntrtl_plan_eff_dt01',1,NULL,NULL,NULL),(545,'airline_cntrplan_surogt_id',1,NULL,NULL,NULL),(546,'oairline_cntrplan_surogt_id',1,NULL,NULL,NULL),(547,'airline_cntrlement__gds_cd',1,NULL,NULL,NULL),(548,'oairline_cntrlement__gds_cd',1,NULL,NULL,NULL),(549,'airline_cntrent__psngr_aln',1,NULL,NULL,NULL),(550,'oairline_cntrent__psngr_aln',1,NULL,NULL,NULL),(551,'psngr_aln_',1,NULL,NULL,NULL),(552,'opsngr_aln_',1,NULL,NULL,NULL),(553,'tx_id',1,NULL,NULL,NULL),(554,'instance_id',1,NULL,NULL,NULL),(555,'op',1,NULL,NULL,NULL),(556,'chg_rsn_cm_txt',1,NULL,NULL,NULL),(557,'ochg_rsn_cm_txt',1,NULL,NULL,NULL),(558,'genrl_sl_agr_cntry_disc_dt',1,NULL,NULL,NULL),(559,'ogenrl_sl_agr_cntry_disc_dt',1,NULL,NULL,NULL),(560,'genrl_sl_agr_cntry_eff_dt',1,NULL,NULL,NULL),(561,'ogenrl_sl_agr_cntry_eff_dt',1,NULL,NULL,NULL),(562,'airline_cntrtl_plan_eff_dt',1,NULL,NULL,NULL),(563,'oairline_cntrtl_plan_eff_dt',1,NULL,NULL,NULL),(564,'airline_cntrtl_plan_eff_dt00',1,NULL,NULL,NULL),(565,'oairline_cntrtl_plan_eff_dt00',1,NULL,NULL,NULL),(566,'airline_cntr__cntry_srt_cd',1,NULL,NULL,NULL),(567,'oairline_cntr__cntry_srt_cd',1,NULL,NULL,NULL),(568,'airline_cntrtl_plan_eff_dt01',1,NULL,NULL,NULL),(569,'oairline_cntrtl_plan_eff_dt01',1,NULL,NULL,NULL),(570,'airline_cntrplan_surogt_id',1,NULL,NULL,NULL),(571,'oairline_cntrplan_surogt_id',1,NULL,NULL,NULL),(572,'airline_cntrlement__gds_cd',1,NULL,NULL,NULL),(573,'oairline_cntrlement__gds_cd',1,NULL,NULL,NULL),(574,'airline_cntrent__psngr_aln',1,NULL,NULL,NULL),(575,'oairline_cntrent__psngr_aln',1,NULL,NULL,NULL),(576,'psngr_aln_',1,NULL,NULL,NULL),(577,'opsngr_aln_',1,NULL,NULL,NULL),(578,'tx_id',1,NULL,NULL,NULL),(579,'instance_id',1,NULL,NULL,NULL),(580,'op',1,NULL,NULL,NULL),(581,'chg_rsn_cm_txt',1,NULL,NULL,NULL),(582,'ochg_rsn_cm_txt',1,NULL,NULL,NULL),(583,'genrl_sl_agr_cntry_disc_dt',1,NULL,NULL,NULL),(584,'ogenrl_sl_agr_cntry_disc_dt',1,NULL,NULL,NULL),(585,'genrl_sl_agr_cntry_eff_dt',1,NULL,NULL,NULL),(586,'ogenrl_sl_agr_cntry_eff_dt',1,NULL,NULL,NULL),(587,'airline_cntrtl_plan_eff_dt',1,NULL,NULL,NULL),(588,'oairline_cntrtl_plan_eff_dt',1,NULL,NULL,NULL),(589,'airline_cntrtl_plan_eff_dt00',1,NULL,NULL,NULL),(590,'oairline_cntrtl_plan_eff_dt00',1,NULL,NULL,NULL),(591,'airline_cntr__cntry_srt_cd',1,NULL,NULL,NULL),(592,'oairline_cntr__cntry_srt_cd',1,NULL,NULL,NULL),(593,'airline_cntrtl_plan_eff_dt01',1,NULL,NULL,NULL),(594,'oairline_cntrtl_plan_eff_dt01',1,NULL,NULL,NULL),(595,'airline_cntrplan_surogt_id',1,NULL,NULL,NULL),(596,'oairline_cntrplan_surogt_id',1,NULL,NULL,NULL),(597,'airline_cntrlement__gds_cd',1,NULL,NULL,NULL),(598,'oairline_cntrlement__gds_cd',1,NULL,NULL,NULL),(599,'airline_cntrent__psngr_aln',1,NULL,NULL,NULL),(600,'oairline_cntrent__psngr_aln',1,NULL,NULL,NULL),(601,'psngr_aln_',1,NULL,NULL,NULL),(602,'opsngr_aln_',1,NULL,NULL,NULL),(603,'tx_id',1,NULL,NULL,NULL),(604,'instance_id',1,NULL,NULL,NULL),(605,'op',1,NULL,NULL,NULL),(606,'chg_rsn_cm_txt',1,NULL,NULL,NULL),(607,'ochg_rsn_cm_txt',1,NULL,NULL,NULL),(608,'nrt_vld_aln_disc_dt',1,NULL,NULL,NULL),(609,'onrt_vld_aln_disc_dt',1,NULL,NULL,NULL),(610,'nrt_vld_aln_eff_dt',1,NULL,NULL,NULL),(611,'onrt_vld_aln_eff_dt',1,NULL,NULL,NULL),(612,'airline_cntrtl_plan_eff_dt',1,NULL,NULL,NULL),(613,'oairline_cntrtl_plan_eff_dt',1,NULL,NULL,NULL),(614,'airline_cntrtl_plan_eff_dt00',1,NULL,NULL,NULL),(615,'oairline_cntrtl_plan_eff_dt00',1,NULL,NULL,NULL),(616,'airline_cntr__cntry_srt_cd',1,NULL,NULL,NULL),(617,'oairline_cntr__cntry_srt_cd',1,NULL,NULL,NULL),(618,'airline_cntrtl_plan_eff_dt01',1,NULL,NULL,NULL),(619,'oairline_cntrtl_plan_eff_dt01',1,NULL,NULL,NULL),(620,'airline_cntrplan_surogt_id',1,NULL,NULL,NULL),(621,'oairline_cntrplan_surogt_id',1,NULL,NULL,NULL),(622,'airline_cntrlement__gds_cd',1,NULL,NULL,NULL),(623,'oairline_cntrlement__gds_cd',1,NULL,NULL,NULL),(624,'airline_cntrent__psngr_aln',1,NULL,NULL,NULL),(625,'oairline_cntrent__psngr_aln',1,NULL,NULL,NULL),(626,'tx_id',1,NULL,NULL,NULL),(627,'instance_id',1,NULL,NULL,NULL),(628,'op',1,NULL,NULL,NULL),(629,'chg_rsn_cm_txt',1,NULL,NULL,NULL),(630,'ochg_rsn_cm_txt',1,NULL,NULL,NULL),(631,'nrt_vld_aln_disc_dt',1,NULL,NULL,NULL),(632,'onrt_vld_aln_disc_dt',1,NULL,NULL,NULL),(633,'nrt_vld_aln_eff_dt',1,NULL,NULL,NULL),(634,'onrt_vld_aln_eff_dt',1,NULL,NULL,NULL),(635,'airline_cntrtl_plan_eff_dt',1,NULL,NULL,NULL),(636,'oairline_cntrtl_plan_eff_dt',1,NULL,NULL,NULL),(637,'airline_cntrtl_plan_eff_dt00',1,NULL,NULL,NULL),(638,'oairline_cntrtl_plan_eff_dt00',1,NULL,NULL,NULL),(639,'airline_cntr__cntry_srt_cd',1,NULL,NULL,NULL),(640,'oairline_cntr__cntry_srt_cd',1,NULL,NULL,NULL),(641,'airline_cntrtl_plan_eff_dt01',1,NULL,NULL,NULL),(642,'oairline_cntrtl_plan_eff_dt01',1,NULL,NULL,NULL),(643,'airline_cntrplan_surogt_id',1,NULL,NULL,NULL),(644,'oairline_cntrplan_surogt_id',1,NULL,NULL,NULL),(645,'airline_cntrlement__gds_cd',1,NULL,NULL,NULL),(646,'oairline_cntrlement__gds_cd',1,NULL,NULL,NULL),(647,'airline_cntrent__psngr_aln',1,NULL,NULL,NULL),(648,'oairline_cntrent__psngr_aln',1,NULL,NULL,NULL),(649,'tx_id',1,NULL,NULL,NULL),(650,'instance_id',1,NULL,NULL,NULL),(651,'op',1,NULL,NULL,NULL),(652,'chg_rsn_cm_txt',1,NULL,NULL,NULL),(653,'ochg_rsn_cm_txt',1,NULL,NULL,NULL),(654,'nrt_vld_aln_disc_dt',1,NULL,NULL,NULL),(655,'onrt_vld_aln_disc_dt',1,NULL,NULL,NULL),(656,'nrt_vld_aln_eff_dt',1,NULL,NULL,NULL),(657,'onrt_vld_aln_eff_dt',1,NULL,NULL,NULL),(658,'airline_cntrtl_plan_eff_dt',1,NULL,NULL,NULL),(659,'oairline_cntrtl_plan_eff_dt',1,NULL,NULL,NULL),(660,'airline_cntrtl_plan_eff_dt00',1,NULL,NULL,NULL),(661,'oairline_cntrtl_plan_eff_dt00',1,NULL,NULL,NULL),(662,'airline_cntr__cntry_srt_cd',1,NULL,NULL,NULL),(663,'oairline_cntr__cntry_srt_cd',1,NULL,NULL,NULL),(664,'airline_cntrtl_plan_eff_dt01',1,NULL,NULL,NULL),(665,'oairline_cntrtl_plan_eff_dt01',1,NULL,NULL,NULL),(666,'airline_cntrplan_surogt_id',1,NULL,NULL,NULL),(667,'oairline_cntrplan_surogt_id',1,NULL,NULL,NULL),(668,'airline_cntrlement__gds_cd',1,NULL,NULL,NULL),(669,'oairline_cntrlement__gds_cd',1,NULL,NULL,NULL),(670,'airline_cntrent__psngr_aln',1,NULL,NULL,NULL),(671,'oairline_cntrent__psngr_aln',1,NULL,NULL,NULL),(672,'tx_id',1,NULL,NULL,NULL),(673,'instance_id',1,NULL,NULL,NULL),(674,'op',1,NULL,NULL,NULL),(675,'psngr_aln_surrogate_id',1,NULL,NULL,NULL),(676,'opsngr_aln_surrogate_id',1,NULL,NULL,NULL),(677,'psngr_aln_supplier_name',1,NULL,NULL,NULL),(678,'opsngr_aln_supplier_name',1,NULL,NULL,NULL),(679,'psngr_aln_supplier_code',1,NULL,NULL,NULL),(680,'opsngr_aln_supplier_code',1,NULL,NULL,NULL),(681,'psngr_aln_effective_date',1,NULL,NULL,NULL),(682,'opsngr_aln_effective_date',1,NULL,NULL,NULL),(683,'psngr_aln_discontinue_date',1,NULL,NULL,NULL),(684,'opsngr_aln_discontinue_date',1,NULL,NULL,NULL),(685,'psngr_aln_source_name',1,NULL,NULL,NULL),(686,'opsngr_aln_source_name',1,NULL,NULL,NULL),(687,'psngr_aln_operation_type',1,NULL,NULL,NULL),(688,'opsngr_aln_operation_type',1,NULL,NULL,NULL),(689,'psngr_aln_long_cd',1,NULL,NULL,NULL),(690,'opsngr_aln_long_cd',1,NULL,NULL,NULL),(691,'tx_id',1,NULL,NULL,NULL),(692,'instance_id',1,NULL,NULL,NULL),(693,'op',1,NULL,NULL,NULL),(694,'service_provr_surrogate_id',1,NULL,NULL,NULL),(695,'oservice_provr_surrogate_id',1,NULL,NULL,NULL),(696,'service_prov_supplier_name',1,NULL,NULL,NULL),(697,'oservice_prov_supplier_name',1,NULL,NULL,NULL),(698,'service_prov_supplier_code',1,NULL,NULL,NULL),(699,'oservice_prov_supplier_code',1,NULL,NULL,NULL),(700,'service_proveffective_date',1,NULL,NULL,NULL),(701,'oservice_proveffective_date',1,NULL,NULL,NULL),(702,'service_provscontinue_date',1,NULL,NULL,NULL),(703,'oservice_provscontinue_date',1,NULL,NULL,NULL),(704,'service_provider_source_name',1,NULL,NULL,NULL),(705,'oservice_provider_source_name',1,NULL,NULL,NULL),(706,'service_provoperation_type',1,NULL,NULL,NULL),(707,'oservice_provoperation_type',1,NULL,NULL,NULL),(708,'tx_id',1,NULL,NULL,NULL),(709,'instance_id',1,NULL,NULL,NULL),(710,'op',1,NULL,NULL,NULL),(711,'service_provr_surrogate_id',1,NULL,NULL,NULL),(712,'oservice_provr_surrogate_id',1,NULL,NULL,NULL),(713,'service_prov_supplier_name',1,NULL,NULL,NULL),(714,'oservice_prov_supplier_name',1,NULL,NULL,NULL),(715,'service_prov_supplier_code',1,NULL,NULL,NULL),(716,'oservice_prov_supplier_code',1,NULL,NULL,NULL),(717,'service_proveffective_date',1,NULL,NULL,NULL),(718,'oservice_proveffective_date',1,NULL,NULL,NULL),(719,'service_provscontinue_date',1,NULL,NULL,NULL),(720,'oservice_provscontinue_date',1,NULL,NULL,NULL),(721,'service_provider_source_name',1,NULL,NULL,NULL),(722,'oservice_provider_source_name',1,NULL,NULL,NULL),(723,'service_provoperation_type',1,NULL,NULL,NULL),(724,'oservice_provoperation_type',1,NULL,NULL,NULL),(725,'tx_id',1,NULL,NULL,NULL),(726,'instance_id',1,NULL,NULL,NULL),(727,'op',1,NULL,NULL,NULL),(728,'stl_plan_disc_dt',1,NULL,NULL,NULL),(729,'ostl_plan_disc_dt',1,NULL,NULL,NULL),(730,'stl_plan_eff_dt',1,NULL,NULL,NULL),(731,'ostl_plan_eff_dt',1,NULL,NULL,NULL),(732,'stl_plan_nm',1,NULL,NULL,NULL),(733,'ostl_plan_nm',1,NULL,NULL,NULL),(734,'stl_plan_surogt_id',1,NULL,NULL,NULL),(735,'ostl_plan_surogt_id',1,NULL,NULL,NULL),(736,'settlement_plan_type_',1,NULL,NULL,NULL),(737,'osettlement_plan_type_',1,NULL,NULL,NULL),(738,'settlement_plan_subtype_',1,NULL,NULL,NULL),(739,'osettlement_plan_subtype_',1,NULL,NULL,NULL),(740,'tx_id',1,NULL,NULL,NULL),(741,'instance_id',1,NULL,NULL,NULL),(742,'op',1,NULL,NULL,NULL),(743,'stl_plan_disc_dt',1,NULL,NULL,NULL),(744,'ostl_plan_disc_dt',1,NULL,NULL,NULL),(745,'stl_plan_eff_dt',1,NULL,NULL,NULL),(746,'ostl_plan_eff_dt',1,NULL,NULL,NULL),(747,'stl_plan_nm',1,NULL,NULL,NULL),(748,'ostl_plan_nm',1,NULL,NULL,NULL),(749,'stl_plan_surogt_id',1,NULL,NULL,NULL),(750,'ostl_plan_surogt_id',1,NULL,NULL,NULL),(751,'settlement_plan_type_',1,NULL,NULL,NULL),(752,'osettlement_plan_type_',1,NULL,NULL,NULL),(753,'settlement_plan_subtype_',1,NULL,NULL,NULL),(754,'osettlement_plan_subtype_',1,NULL,NULL,NULL),(755,'tx_id',1,NULL,NULL,NULL),(756,'instance_id',1,NULL,NULL,NULL),(757,'op',1,NULL,NULL,NULL),(758,'stl_plan_disc_dt',1,NULL,NULL,NULL),(759,'ostl_plan_disc_dt',1,NULL,NULL,NULL),(760,'stl_plan_eff_dt',1,NULL,NULL,NULL),(761,'ostl_plan_eff_dt',1,NULL,NULL,NULL),(762,'stl_plan_nm',1,NULL,NULL,NULL),(763,'ostl_plan_nm',1,NULL,NULL,NULL),(764,'stl_plan_surogt_id',1,NULL,NULL,NULL),(765,'ostl_plan_surogt_id',1,NULL,NULL,NULL),(766,'settlement_plan_type_',1,NULL,NULL,NULL),(767,'osettlement_plan_type_',1,NULL,NULL,NULL),(768,'settlement_plan_subtype_',1,NULL,NULL,NULL),(769,'osettlement_plan_subtype_',1,NULL,NULL,NULL),(770,'home_id',1,NULL,NULL,NULL),(771,'parent_home_id',1,NULL,NULL,NULL),(772,'home_name',1,NULL,NULL,NULL),(773,'home_type',1,NULL,NULL,NULL),(774,'creation_date',1,NULL,NULL,NULL),(775,'termination_date',1,NULL,NULL,NULL),(776,'last_read',1,NULL,NULL,NULL),(777,'last_write',1,NULL,NULL,NULL),(778,'home_id',1,NULL,NULL,NULL),(779,'table_rid',1,NULL,NULL,NULL),(780,'bloc_id',1,NULL,NULL,NULL),(781,'revision_id',1,NULL,NULL,NULL),(782,'home_id',1,NULL,NULL,NULL),(783,'instance_id',1,NULL,NULL,NULL),(784,'revision_id',1,NULL,NULL,NULL),(785,'action_id',1,NULL,NULL,NULL),(786,'built_in_action_name',1,NULL,NULL,NULL),(787,'procedure_name',1,NULL,NULL,NULL),(788,'home_id',1,NULL,NULL,NULL),(789,'home_name',1,NULL,NULL,NULL),(790,'home_type',1,NULL,NULL,NULL),(791,'instance_id',1,NULL,NULL,NULL),(792,'reference',1,NULL,NULL,NULL),(793,'content_type',1,NULL,NULL,NULL),(794,'tx_id',1,NULL,NULL,NULL),(795,'merged_home_id',1,NULL,NULL,NULL),(796,'begin_time',1,NULL,NULL,NULL),(797,'end_time',1,NULL,NULL,NULL),(798,'session_id',1,NULL,NULL,NULL),(799,'session_type',1,NULL,NULL,NULL),(800,'ip_address',1,NULL,NULL,NULL),(801,'http_id',1,NULL,NULL,NULL),(802,'tracking_info',1,NULL,NULL,NULL),(803,'tx_id',1,NULL,NULL,NULL),(804,'user_id',1,NULL,NULL,NULL),(805,'action_id',1,NULL,NULL,NULL),(806,'home_id',1,NULL,NULL,NULL),(807,'session_id',1,NULL,NULL,NULL),(808,'timestamp',1,NULL,NULL,NULL),(809,'uuid',1,NULL,NULL,NULL),(810,'execution_info',1,NULL,NULL,NULL),(811,'tx_id',1,NULL,NULL,NULL),(812,'instance_id',1,NULL,NULL,NULL),(813,'txs',1,NULL,NULL,NULL),(814,'nb_creates',1,NULL,NULL,NULL),(815,'nb_updates',1,NULL,NULL,NULL),(816,'nb_deletes',1,NULL,NULL,NULL),(817,'user_id',1,NULL,NULL,NULL),(818,'name',1,NULL,NULL,NULL),(819,'idx_id',1,NULL,NULL,NULL),(820,'txs_id',1,NULL,NULL,NULL),(821,'cxs_id',1,NULL,NULL,NULL),(822,'column_order',1,NULL,NULL,NULL),(823,'txs_id',1,NULL,NULL,NULL),(824,'idx_id',1,NULL,NULL,NULL),(825,'index_name',1,NULL,NULL,NULL),(826,'index_name_in_db',1,NULL,NULL,NULL),(827,'flag_pk',1,NULL,NULL,NULL),(828,'state',1,NULL,NULL,NULL),(829,'last_write',1,NULL,NULL,NULL),(830,'instance_id',1,NULL,NULL,NULL),(831,'reference',1,NULL,NULL,NULL),(832,'uuid',1,NULL,NULL,NULL),(833,'instance_id',1,NULL,NULL,NULL),(834,'revision_id',1,NULL,NULL,NULL),(835,'parent_reference',1,NULL,NULL,NULL),(836,'content_type',1,NULL,NULL,NULL),(837,'record_id',1,NULL,NULL,NULL),(838,'shared_revision',1,NULL,NULL,NULL),(839,'revision_date',1,NULL,NULL,NULL),(840,'content',1,NULL,NULL,NULL),(841,'master_txs_id',1,NULL,NULL,NULL),(842,'list_path',1,NULL,NULL,NULL),(843,'aux_txs_id',1,NULL,NULL,NULL),(844,'hv_column_name',1,NULL,NULL,NULL),(845,'update_id',1,NULL,NULL,NULL),(846,'t_stamp',1,NULL,NULL,NULL),(847,'product_info',1,NULL,NULL,NULL),(848,'repository_id',1,NULL,NULL,NULL),(849,'format_id',1,NULL,NULL,NULL),(850,'repository_label',1,NULL,NULL,NULL),(851,'last_read',1,NULL,NULL,NULL),(852,'last_write',1,NULL,NULL,NULL),(853,'xs_id',1,NULL,NULL,NULL),(854,'name',1,NULL,NULL,NULL),(855,'dataspace',1,NULL,NULL,NULL),(856,'dataset',1,NULL,NULL,NULL),(857,'refresh',1,NULL,NULL,NULL),(858,'id',1,NULL,NULL,NULL),(859,'mode_key',1,NULL,NULL,NULL),(860,'heart_beat_interval',1,NULL,NULL,NULL),(861,'host_name',1,NULL,NULL,NULL),(862,'host_address',1,NULL,NULL,NULL),(863,'product_version',1,NULL,NULL,NULL),(864,'insert_time',1,NULL,NULL,NULL),(865,'state',1,NULL,NULL,NULL),(866,'rro_flag',1,NULL,NULL,NULL),(867,'rro_request_time',1,NULL,NULL,NULL),(868,'rro_hold_time',1,NULL,NULL,NULL),(869,'heart_beat_time',1,NULL,NULL,NULL),(870,'heart_beat_count',1,NULL,NULL,NULL),(871,'heart_beat_max_interval',1,NULL,NULL,NULL),(872,'pre_commit_count',1,NULL,NULL,NULL),(873,'post_commit_count',1,NULL,NULL,NULL),(874,'marked_dead_time',1,NULL,NULL,NULL),(875,'marked_dead_origin',1,NULL,NULL,NULL),(876,'system_info',1,NULL,NULL,NULL),(877,'table_rid',1,NULL,NULL,NULL),(878,'instance_id',1,NULL,NULL,NULL),(879,'content_type',1,NULL,NULL,NULL),(880,'xs_path',1,NULL,NULL,NULL),(881,'xs_id',1,NULL,NULL,NULL),(882,'xs_id',1,NULL,NULL,NULL),(883,'rpu_name',1,NULL,NULL,NULL),(884,'txs_id',1,NULL,NULL,NULL),(885,'table_name_in_db',1,NULL,NULL,NULL),(886,'state',1,NULL,NULL,NULL),(887,'created_time',1,NULL,NULL,NULL),(888,'last_refreshed_time',1,NULL,NULL,NULL),(889,'txs_id',1,NULL,NULL,NULL),(890,'table_path',1,NULL,NULL,NULL),(891,'table_name_in_db',1,NULL,NULL,NULL),(892,'table_name_in_db_for_hv',1,NULL,NULL,NULL),(893,'state',1,NULL,NULL,NULL),(894,'state_hv',1,NULL,NULL,NULL),(895,'last_write',1,NULL,NULL,NULL),(896,'xs_id',1,NULL,NULL,NULL),(897,'xs_id',1,NULL,NULL,NULL),(898,'xs_path',1,NULL,NULL,NULL),(899,'state',1,NULL,NULL,NULL),(900,'last_write',1,NULL,NULL,NULL),(901,'table_rid',1,42,NULL,NULL),(902,'bloc_id',1,42,NULL,NULL),(903,'revision_id',1,42,NULL,NULL),(904,'record_id',1,42,NULL,NULL),(905,'shared_revision',1,42,NULL,NULL),(906,'revision_date',1,42,NULL,NULL),(907,'content',1,42,NULL,NULL),(908,'ctp_id',1,43,NULL,NULL),(909,'column_type_name',1,43,NULL,NULL),(910,'namespace',1,43,NULL,NULL),(911,'txs_id',1,44,NULL,NULL),(912,'cxs_id',1,44,NULL,NULL),(913,'column_path',1,44,NULL,NULL),(914,'ctp_id',1,44,NULL,NULL),(915,'column_name_in_db',1,44,NULL,NULL),(916,'state',1,44,NULL,NULL),(917,'last_write',1,44,NULL,NULL),(918,'script_id',1,45,NULL,NULL),(919,'operation_id',1,45,NULL,NULL),(920,'statement',1,45,NULL,NULL),(921,'start_time',1,45,NULL,NULL),(922,'end_time',1,45,NULL,NULL),(923,'script_id',1,46,NULL,NULL),(924,'repository_patch',1,46,NULL,NULL),(925,'product_info',1,46,NULL,NULL),(926,'start_time',1,46,NULL,NULL),(927,'end_time',1,46,NULL,NULL),(928,'script_id',1,47,NULL,NULL),(929,'txs_id',1,47,NULL,NULL),(930,'script_id',1,48,NULL,NULL),(931,'operation_id',1,48,NULL,NULL),(932,'execution_id',1,48,NULL,NULL),(933,'start_time',1,48,NULL,NULL),(934,'end_time',1,48,NULL,NULL),(935,'error',1,48,NULL,NULL),(936,'fct_id',1,49,NULL,NULL),(937,'txs_id',1,49,NULL,NULL),(938,'cxs_id',1,49,NULL,NULL),(939,'facet_name',1,49,NULL,NULL),(940,'value_string',1,49,NULL,NULL),(941,'value_int',1,49,NULL,NULL),(942,'state',1,49,NULL,NULL),(943,'last_write',1,49,NULL,NULL),(944,'tx_id',1,50,NULL,NULL),(945,'instance_id',1,50,NULL,NULL),(946,'op',1,50,NULL,NULL),(947,'aln_cntry_stl_plan_disc_dt',1,50,NULL,NULL),(948,'oaln_cntry_stl_plan_disc_dt',1,50,NULL,NULL),(949,'aln_cntry_stl_plan_eff_dt',1,50,NULL,NULL),(950,'oaln_cntry_stl_plan_eff_dt',1,50,NULL,NULL),(951,'chg_rsn_cm_txt',1,50,NULL,NULL),(952,'ochg_rsn_cm_txt',1,50,NULL,NULL),(953,'country_setttl_plan_eff_dt',1,50,NULL,NULL),(954,'ocountry_setttl_plan_eff_dt',1,50,NULL,NULL),(955,'country_sett__cntry_srt_cd',1,50,NULL,NULL),(956,'ocountry_sett__cntry_srt_cd',1,50,NULL,NULL),(957,'country_setttl_plan_eff_dt00',1,50,NULL,NULL),(958,'ocountry_setttl_plan_eff_dt00',1,50,NULL,NULL),(959,'country_settplan_surogt_id',1,50,NULL,NULL),(960,'ocountry_settplan_surogt_id',1,50,NULL,NULL),(961,'gds_cd_',1,50,NULL,NULL),(962,'ogds_cd_',1,50,NULL,NULL),(963,'pref_tkt_issuing_methd_cd_',1,50,NULL,NULL),(964,'opref_tkt_issuing_methd_cd_',1,50,NULL,NULL),(965,'rqr_tkt_issue_methd_cd_',1,50,NULL,NULL),(966,'orqr_tkt_issue_methd_cd_',1,50,NULL,NULL),(967,'psngr_aln_',1,50,NULL,NULL),(968,'opsngr_aln_',1,50,NULL,NULL),(969,'tx_id',1,51,NULL,NULL),(970,'instance_id',1,51,NULL,NULL),(971,'op',1,51,NULL,NULL),(972,'aln_cntry_stl_plan_disc_dt',1,51,NULL,NULL),(973,'oaln_cntry_stl_plan_disc_dt',1,51,NULL,NULL),(974,'aln_cntry_stl_plan_eff_dt',1,51,NULL,NULL),(975,'oaln_cntry_stl_plan_eff_dt',1,51,NULL,NULL),(976,'chg_rsn_cm_txt',1,51,NULL,NULL),(977,'ochg_rsn_cm_txt',1,51,NULL,NULL),(978,'country_setttl_plan_eff_dt',1,51,NULL,NULL),(979,'ocountry_setttl_plan_eff_dt',1,51,NULL,NULL),(980,'country_sett__cntry_srt_cd',1,51,NULL,NULL),(981,'ocountry_sett__cntry_srt_cd',1,51,NULL,NULL),(982,'country_setttl_plan_eff_dt00',1,51,NULL,NULL),(983,'ocountry_setttl_plan_eff_dt00',1,51,NULL,NULL),(984,'country_settplan_surogt_id',1,51,NULL,NULL),(985,'ocountry_settplan_surogt_id',1,51,NULL,NULL),(986,'gds_cd_',1,51,NULL,NULL),(987,'ogds_cd_',1,51,NULL,NULL),(988,'pref_tkt_issuing_methd_cd_',1,51,NULL,NULL),(989,'opref_tkt_issuing_methd_cd_',1,51,NULL,NULL),(990,'rqr_tkt_issue_methd_cd_',1,51,NULL,NULL),(991,'orqr_tkt_issue_methd_cd_',1,51,NULL,NULL),(992,'psngr_aln_',1,51,NULL,NULL),(993,'opsngr_aln_',1,51,NULL,NULL),(994,'tx_id',1,52,NULL,NULL),(995,'instance_id',1,52,NULL,NULL),(996,'op',1,52,NULL,NULL),(997,'aln_cntry_stl_plan_disc_dt',1,52,NULL,NULL),(998,'oaln_cntry_stl_plan_disc_dt',1,52,NULL,NULL),(999,'aln_cntry_stl_plan_eff_dt',1,52,NULL,NULL),(1000,'oaln_cntry_stl_plan_eff_dt',1,52,NULL,NULL),(1001,'chg_rsn_cm_txt',1,52,NULL,NULL),(1002,'ochg_rsn_cm_txt',1,52,NULL,NULL),(1003,'country_setttl_plan_eff_dt',1,52,NULL,NULL),(1004,'ocountry_setttl_plan_eff_dt',1,52,NULL,NULL),(1005,'country_sett__cntry_srt_cd',1,52,NULL,NULL),(1006,'ocountry_sett__cntry_srt_cd',1,52,NULL,NULL),(1007,'country_setttl_plan_eff_dt00',1,52,NULL,NULL),(1008,'ocountry_setttl_plan_eff_dt00',1,52,NULL,NULL),(1009,'country_settplan_surogt_id',1,52,NULL,NULL),(1010,'ocountry_settplan_surogt_id',1,52,NULL,NULL),(1011,'gds_cd_',1,52,NULL,NULL),(1012,'ogds_cd_',1,52,NULL,NULL),(1013,'pref_tkt_issuing_methd_cd_',1,52,NULL,NULL),(1014,'opref_tkt_issuing_methd_cd_',1,52,NULL,NULL),(1015,'rqr_tkt_issue_methd_cd_',1,52,NULL,NULL),(1016,'orqr_tkt_issue_methd_cd_',1,52,NULL,NULL),(1017,'psngr_aln_',1,52,NULL,NULL),(1018,'opsngr_aln_',1,52,NULL,NULL),(1019,'tx_id',1,53,NULL,NULL),(1020,'instance_id',1,53,NULL,NULL),(1021,'op',1,53,NULL,NULL),(1022,'cntry_srt_cd',1,53,NULL,NULL),(1023,'ocntry_srt_cd',1,53,NULL,NULL),(1024,'chg_rsn_cm_txt',1,53,NULL,NULL),(1025,'ochg_rsn_cm_txt',1,53,NULL,NULL),(1026,'disc_dt',1,53,NULL,NULL),(1027,'odisc_dt',1,53,NULL,NULL),(1028,'eff_dt',1,53,NULL,NULL),(1029,'oeff_dt',1,53,NULL,NULL),(1030,'aln_intrln_agr_typ_',1,53,NULL,NULL),(1031,'oaln_intrln_agr_typ_',1,53,NULL,NULL),(1032,'papertkt_auth_ind',1,53,NULL,NULL),(1033,'opapertkt_auth_ind',1,53,NULL,NULL),(1034,'etkt_auth_ind',1,53,NULL,NULL),(1035,'oetkt_auth_ind',1,53,NULL,NULL),(1036,'prc_psngr_aln_surogt_id_',1,53,NULL,NULL),(1037,'oprc_psngr_aln_surogt_id_',1,53,NULL,NULL),(1038,'vld_psngr_aln_surogt_id_',1,53,NULL,NULL),(1039,'ovld_psngr_aln_surogt_id_',1,53,NULL,NULL),(1040,'gds_cd',1,53,NULL,NULL),(1041,'ogds_cd',1,53,NULL,NULL),(1042,'tx_id',1,54,NULL,NULL),(1043,'instance_id',1,54,NULL,NULL),(1044,'op',1,54,NULL,NULL),(1045,'cntry_srt_cd',1,54,NULL,NULL),(1046,'ocntry_srt_cd',1,54,NULL,NULL),(1047,'chg_rsn_cm_txt',1,54,NULL,NULL),(1048,'ochg_rsn_cm_txt',1,54,NULL,NULL),(1049,'disc_dt',1,54,NULL,NULL),(1050,'odisc_dt',1,54,NULL,NULL),(1051,'eff_dt',1,54,NULL,NULL),(1052,'oeff_dt',1,54,NULL,NULL),(1053,'aln_intrln_agr_typ_',1,54,NULL,NULL),(1054,'oaln_intrln_agr_typ_',1,54,NULL,NULL),(1055,'papertkt_auth_ind',1,54,NULL,NULL),(1056,'opapertkt_auth_ind',1,54,NULL,NULL),(1057,'etkt_auth_ind',1,54,NULL,NULL),(1058,'oetkt_auth_ind',1,54,NULL,NULL),(1059,'prc_psngr_aln_surogt_id_',1,54,NULL,NULL),(1060,'oprc_psngr_aln_surogt_id_',1,54,NULL,NULL),(1061,'vld_psngr_aln_surogt_id_',1,54,NULL,NULL),(1062,'ovld_psngr_aln_surogt_id_',1,54,NULL,NULL),(1063,'gds_cd',1,54,NULL,NULL),(1064,'ogds_cd',1,54,NULL,NULL),(1065,'tx_id',1,55,NULL,NULL),(1066,'instance_id',1,55,NULL,NULL),(1067,'op',1,55,NULL,NULL),(1068,'cntry_srt_cd',1,55,NULL,NULL),(1069,'ocntry_srt_cd',1,55,NULL,NULL),(1070,'chg_rsn_cm_txt',1,55,NULL,NULL),(1071,'ochg_rsn_cm_txt',1,55,NULL,NULL),(1072,'disc_dt',1,55,NULL,NULL),(1073,'odisc_dt',1,55,NULL,NULL),(1074,'eff_dt',1,55,NULL,NULL),(1075,'oeff_dt',1,55,NULL,NULL),(1076,'aln_intrln_agr_typ_',1,55,NULL,NULL),(1077,'oaln_intrln_agr_typ_',1,55,NULL,NULL),(1078,'papertkt_auth_ind',1,55,NULL,NULL),(1079,'opapertkt_auth_ind',1,55,NULL,NULL),(1080,'etkt_auth_ind',1,55,NULL,NULL),(1081,'oetkt_auth_ind',1,55,NULL,NULL),(1082,'prc_psngr_aln_surogt_id_',1,55,NULL,NULL),(1083,'oprc_psngr_aln_surogt_id_',1,55,NULL,NULL),(1084,'vld_psngr_aln_surogt_id_',1,55,NULL,NULL),(1085,'ovld_psngr_aln_surogt_id_',1,55,NULL,NULL),(1086,'gds_cd',1,55,NULL,NULL),(1087,'ogds_cd',1,55,NULL,NULL),(1088,'tx_id',1,56,NULL,NULL),(1089,'instance_id',1,56,NULL,NULL),(1090,'op',1,56,NULL,NULL),(1091,'chg_rsn_cm_txt',1,56,NULL,NULL),(1092,'ochg_rsn_cm_txt',1,56,NULL,NULL),(1093,'cntry_stl_plan_disc_dt',1,56,NULL,NULL),(1094,'ocntry_stl_plan_disc_dt',1,56,NULL,NULL),(1095,'cntry_stl_plan_eff_dt',1,56,NULL,NULL),(1096,'ocntry_stl_plan_eff_dt',1,56,NULL,NULL),(1097,'cntry_srt_cd_',1,56,NULL,NULL),(1098,'ocntry_srt_cd_',1,56,NULL,NULL),(1099,'stl_plan__stl_plan_eff_dt',1,56,NULL,NULL),(1100,'ostl_plan__stl_plan_eff_dt',1,56,NULL,NULL),(1101,'stl_plan__stl_plan_surogt_id',1,56,NULL,NULL),(1102,'ostl_plan__stl_plan_surogt_id',1,56,NULL,NULL),(1103,'pref_tkt_issuing_method_',1,56,NULL,NULL),(1104,'opref_tkt_issuing_method_',1,56,NULL,NULL),(1105,'rqr_tkt_issue_method_',1,56,NULL,NULL),(1106,'orqr_tkt_issue_method_',1,56,NULL,NULL),(1107,'tx_id',1,57,NULL,NULL),(1108,'instance_id',1,57,NULL,NULL),(1109,'op',1,57,NULL,NULL),(1110,'chg_rsn_cm_txt',1,57,NULL,NULL),(1111,'ochg_rsn_cm_txt',1,57,NULL,NULL),(1112,'cntry_stl_plan_disc_dt',1,57,NULL,NULL),(1113,'ocntry_stl_plan_disc_dt',1,57,NULL,NULL),(1114,'cntry_stl_plan_eff_dt',1,57,NULL,NULL),(1115,'ocntry_stl_plan_eff_dt',1,57,NULL,NULL),(1116,'cntry_srt_cd_',1,57,NULL,NULL),(1117,'ocntry_srt_cd_',1,57,NULL,NULL),(1118,'stl_plan__stl_plan_eff_dt',1,57,NULL,NULL),(1119,'ostl_plan__stl_plan_eff_dt',1,57,NULL,NULL),(1120,'stl_plan__stl_plan_surogt_id',1,57,NULL,NULL),(1121,'ostl_plan__stl_plan_surogt_id',1,57,NULL,NULL),(1122,'pref_tkt_issuing_method_',1,57,NULL,NULL),(1123,'opref_tkt_issuing_method_',1,57,NULL,NULL),(1124,'rqr_tkt_issue_method_',1,57,NULL,NULL),(1125,'orqr_tkt_issue_method_',1,57,NULL,NULL),(1126,'tx_id',1,58,NULL,NULL),(1127,'instance_id',1,58,NULL,NULL),(1128,'op',1,58,NULL,NULL),(1129,'chg_rsn_cm_txt',1,58,NULL,NULL),(1130,'ochg_rsn_cm_txt',1,58,NULL,NULL),(1131,'cntry_stl_plan_disc_dt',1,58,NULL,NULL),(1132,'ocntry_stl_plan_disc_dt',1,58,NULL,NULL),(1133,'cntry_stl_plan_eff_dt',1,58,NULL,NULL),(1134,'ocntry_stl_plan_eff_dt',1,58,NULL,NULL),(1135,'cntry_srt_cd_',1,58,NULL,NULL),(1136,'ocntry_srt_cd_',1,58,NULL,NULL),(1137,'stl_plan__stl_plan_eff_dt',1,58,NULL,NULL),(1138,'ostl_plan__stl_plan_eff_dt',1,58,NULL,NULL),(1139,'stl_plan__stl_plan_surogt_id',1,58,NULL,NULL),(1140,'ostl_plan__stl_plan_surogt_id',1,58,NULL,NULL),(1141,'pref_tkt_issuing_method_',1,58,NULL,NULL),(1142,'opref_tkt_issuing_method_',1,58,NULL,NULL),(1143,'rqr_tkt_issue_method_',1,58,NULL,NULL),(1144,'orqr_tkt_issue_method_',1,58,NULL,NULL),(1145,'tx_id',1,59,NULL,NULL),(1146,'instance_id',1,59,NULL,NULL),(1147,'op',1,59,NULL,NULL),(1148,'doc_issuing_methd_cd',1,59,NULL,NULL),(1149,'odoc_issuing_methd_cd',1,59,NULL,NULL),(1150,'doc_issuing_methd_nm',1,59,NULL,NULL),(1151,'odoc_issuing_methd_nm',1,59,NULL,NULL),(1152,'tx_id',1,60,NULL,NULL),(1153,'instance_id',1,60,NULL,NULL),(1154,'op',1,60,NULL,NULL),(1155,'doc_issuing_methd_cd',1,60,NULL,NULL),(1156,'odoc_issuing_methd_cd',1,60,NULL,NULL),(1157,'doc_issuing_methd_nm',1,60,NULL,NULL),(1158,'odoc_issuing_methd_nm',1,60,NULL,NULL),(1159,'tx_id',1,61,NULL,NULL),(1160,'instance_id',1,61,NULL,NULL),(1161,'op',1,61,NULL,NULL),(1162,'doc_issuing_methd_cd',1,61,NULL,NULL),(1163,'odoc_issuing_methd_cd',1,61,NULL,NULL),(1164,'doc_issuing_methd_nm',1,61,NULL,NULL),(1165,'odoc_issuing_methd_nm',1,61,NULL,NULL),(1166,'tx_id',1,62,NULL,NULL),(1167,'instance_id',1,62,NULL,NULL),(1168,'op',1,62,NULL,NULL),(1169,'aln_intrln_agr_typ',1,62,NULL,NULL),(1170,'oaln_intrln_agr_typ',1,62,NULL,NULL),(1171,'aln_intrln_agr_typ_desc',1,62,NULL,NULL),(1172,'oaln_intrln_agr_typ_desc',1,62,NULL,NULL),(1173,'aln_intrln_agr_typ_nm',1,62,NULL,NULL),(1174,'oaln_intrln_agr_typ_nm',1,62,NULL,NULL),(1175,'tx_id',1,63,NULL,NULL),(1176,'instance_id',1,63,NULL,NULL),(1177,'op',1,63,NULL,NULL),(1178,'aln_intrln_agr_typ',1,63,NULL,NULL),(1179,'oaln_intrln_agr_typ',1,63,NULL,NULL),(1180,'aln_intrln_agr_typ_desc',1,63,NULL,NULL),(1181,'oaln_intrln_agr_typ_desc',1,63,NULL,NULL),(1182,'aln_intrln_agr_typ_nm',1,63,NULL,NULL),(1183,'oaln_intrln_agr_typ_nm',1,63,NULL,NULL),(1184,'tx_id',1,64,NULL,NULL),(1185,'instance_id',1,64,NULL,NULL),(1186,'op',1,64,NULL,NULL),(1187,'aln_intrln_agr_typ',1,64,NULL,NULL),(1188,'oaln_intrln_agr_typ',1,64,NULL,NULL),(1189,'aln_intrln_agr_typ_desc',1,64,NULL,NULL),(1190,'oaln_intrln_agr_typ_desc',1,64,NULL,NULL),(1191,'aln_intrln_agr_typ_nm',1,64,NULL,NULL),(1192,'oaln_intrln_agr_typ_nm',1,64,NULL,NULL),(1193,'tx_id',1,65,NULL,NULL),(1194,'instance_id',1,65,NULL,NULL),(1195,'op',1,65,NULL,NULL),(1196,'cntry_nm',1,65,NULL,NULL),(1197,'ocntry_nm',1,65,NULL,NULL),(1198,'cntry_srt_cd',1,65,NULL,NULL),(1199,'ocntry_srt_cd',1,65,NULL,NULL),(1200,'cntry_eff_dt',1,65,NULL,NULL),(1201,'ocntry_eff_dt',1,65,NULL,NULL),(1202,'cntry_disc_dt',1,65,NULL,NULL),(1203,'ocntry_disc_dt',1,65,NULL,NULL),(1204,'cntry_src_nm',1,65,NULL,NULL),(1205,'ocntry_src_nm',1,65,NULL,NULL),(1206,'tx_id',1,66,NULL,NULL),(1207,'instance_id',1,66,NULL,NULL),(1208,'op',1,66,NULL,NULL),(1209,'cntry_nm',1,66,NULL,NULL),(1210,'ocntry_nm',1,66,NULL,NULL),(1211,'cntry_srt_cd',1,66,NULL,NULL),(1212,'ocntry_srt_cd',1,66,NULL,NULL),(1213,'cntry_eff_dt',1,66,NULL,NULL),(1214,'ocntry_eff_dt',1,66,NULL,NULL),(1215,'cntry_disc_dt',1,66,NULL,NULL),(1216,'ocntry_disc_dt',1,66,NULL,NULL),(1217,'cntry_src_nm',1,66,NULL,NULL),(1218,'ocntry_src_nm',1,66,NULL,NULL),(1219,'tx_id',1,67,NULL,NULL),(1220,'instance_id',1,67,NULL,NULL),(1221,'op',1,67,NULL,NULL),(1222,'cntry_nm',1,67,NULL,NULL),(1223,'ocntry_nm',1,67,NULL,NULL),(1224,'cntry_srt_cd',1,67,NULL,NULL),(1225,'ocntry_srt_cd',1,67,NULL,NULL),(1226,'cntry_eff_dt',1,67,NULL,NULL),(1227,'ocntry_eff_dt',1,67,NULL,NULL),(1228,'cntry_disc_dt',1,67,NULL,NULL),(1229,'ocntry_disc_dt',1,67,NULL,NULL),(1230,'cntry_src_nm',1,67,NULL,NULL),(1231,'ocntry_src_nm',1,67,NULL,NULL),(1232,'cntry_long_cd',1,67,NULL,NULL),(1233,'ocntry_long_cd',1,67,NULL,NULL),(1234,'abc',1,67,NULL,NULL),(1235,'oabc',1,67,NULL,NULL),(1236,'tx_id',1,68,NULL,NULL),(1237,'instance_id',1,68,NULL,NULL),(1238,'op',1,68,NULL,NULL),(1239,'gds_cd',1,68,NULL,NULL),(1240,'ogds_cd',1,68,NULL,NULL),(1241,'gds_nm',1,68,NULL,NULL),(1242,'ogds_nm',1,68,NULL,NULL),(1243,'gds_note_txt',1,68,NULL,NULL),(1244,'ogds_note_txt',1,68,NULL,NULL),(1245,'tx_id',1,69,NULL,NULL),(1246,'instance_id',1,69,NULL,NULL),(1247,'op',1,69,NULL,NULL),(1248,'gds_cd',1,69,NULL,NULL),(1249,'ogds_cd',1,69,NULL,NULL),(1250,'gds_nm',1,69,NULL,NULL),(1251,'ogds_nm',1,69,NULL,NULL),(1252,'gds_note_txt',1,69,NULL,NULL),(1253,'ogds_note_txt',1,69,NULL,NULL),(1254,'tx_id',1,70,NULL,NULL),(1255,'instance_id',1,70,NULL,NULL),(1256,'op',1,70,NULL,NULL),(1257,'gds_cd',1,70,NULL,NULL),(1258,'ogds_cd',1,70,NULL,NULL),(1259,'gds_nm',1,70,NULL,NULL),(1260,'ogds_nm',1,70,NULL,NULL),(1261,'gds_note_txt',1,70,NULL,NULL),(1262,'ogds_note_txt',1,70,NULL,NULL),(1263,'tx_id',1,71,NULL,NULL),(1264,'instance_id',1,71,NULL,NULL),(1265,'op',1,71,NULL,NULL),(1266,'stl_plan_stp_cd',1,71,NULL,NULL),(1267,'ostl_plan_stp_cd',1,71,NULL,NULL),(1268,'stl_plan_stp_nm',1,71,NULL,NULL),(1269,'ostl_plan_stp_nm',1,71,NULL,NULL),(1270,'tx_id',1,72,NULL,NULL),(1271,'instance_id',1,72,NULL,NULL),(1272,'op',1,72,NULL,NULL),(1273,'stl_plan_stp_cd',1,72,NULL,NULL),(1274,'ostl_plan_stp_cd',1,72,NULL,NULL),(1275,'stl_plan_stp_nm',1,72,NULL,NULL),(1276,'ostl_plan_stp_nm',1,72,NULL,NULL),(1277,'tx_id',1,73,NULL,NULL),(1278,'instance_id',1,73,NULL,NULL),(1279,'op',1,73,NULL,NULL),(1280,'stl_plan_stp_cd',1,73,NULL,NULL),(1281,'ostl_plan_stp_cd',1,73,NULL,NULL),(1282,'stl_plan_stp_nm',1,73,NULL,NULL),(1283,'ostl_plan_stp_nm',1,73,NULL,NULL),(1284,'tx_id',1,74,NULL,NULL),(1285,'instance_id',1,74,NULL,NULL),(1286,'op',1,74,NULL,NULL),(1287,'stl_plan_typ_cd',1,74,NULL,NULL),(1288,'ostl_plan_typ_cd',1,74,NULL,NULL),(1289,'stl_plan_typ_nm',1,74,NULL,NULL),(1290,'ostl_plan_typ_nm',1,74,NULL,NULL),(1291,'tx_id',1,75,NULL,NULL),(1292,'instance_id',1,75,NULL,NULL),(1293,'op',1,75,NULL,NULL),(1294,'stl_plan_typ_cd',1,75,NULL,NULL),(1295,'ostl_plan_typ_cd',1,75,NULL,NULL),(1296,'stl_plan_typ_nm',1,75,NULL,NULL),(1297,'ostl_plan_typ_nm',1,75,NULL,NULL),(1298,'tx_id',1,76,NULL,NULL),(1299,'instance_id',1,76,NULL,NULL),(1300,'op',1,76,NULL,NULL),(1301,'stl_plan_typ_cd',1,76,NULL,NULL),(1302,'ostl_plan_typ_cd',1,76,NULL,NULL),(1303,'stl_plan_typ_nm',1,76,NULL,NULL),(1304,'ostl_plan_typ_nm',1,76,NULL,NULL),(1305,'tx_id',1,77,NULL,NULL),(1306,'instance_id',1,77,NULL,NULL),(1307,'op',1,77,NULL,NULL),(1308,'vld_agr_typ',1,77,NULL,NULL),(1309,'ovld_agr_typ',1,77,NULL,NULL),(1310,'vld_agr_typ_desc',1,77,NULL,NULL),(1311,'ovld_agr_typ_desc',1,77,NULL,NULL),(1312,'tx_id',1,78,NULL,NULL),(1313,'instance_id',1,78,NULL,NULL),(1314,'op',1,78,NULL,NULL),(1315,'chg_rsn_cm_txt',1,78,NULL,NULL),(1316,'ochg_rsn_cm_txt',1,78,NULL,NULL),(1317,'genrl_sl_agr_cntry_disc_dt',1,78,NULL,NULL),(1318,'ogenrl_sl_agr_cntry_disc_dt',1,78,NULL,NULL),(1319,'genrl_sl_agr_cntry_eff_dt',1,78,NULL,NULL),(1320,'ogenrl_sl_agr_cntry_eff_dt',1,78,NULL,NULL),(1321,'airline_cntrtl_plan_eff_dt',1,78,NULL,NULL),(1322,'oairline_cntrtl_plan_eff_dt',1,78,NULL,NULL),(1323,'airline_cntrtl_plan_eff_dt00',1,78,NULL,NULL),(1324,'oairline_cntrtl_plan_eff_dt00',1,78,NULL,NULL),(1325,'airline_cntr__cntry_srt_cd',1,78,NULL,NULL),(1326,'oairline_cntr__cntry_srt_cd',1,78,NULL,NULL),(1327,'airline_cntrtl_plan_eff_dt01',1,78,NULL,NULL),(1328,'oairline_cntrtl_plan_eff_dt01',1,78,NULL,NULL),(1329,'airline_cntrplan_surogt_id',1,78,NULL,NULL),(1330,'oairline_cntrplan_surogt_id',1,78,NULL,NULL),(1331,'airline_cntrlement__gds_cd',1,78,NULL,NULL),(1332,'oairline_cntrlement__gds_cd',1,78,NULL,NULL),(1333,'airline_cntrent__psngr_aln',1,78,NULL,NULL),(1334,'oairline_cntrent__psngr_aln',1,78,NULL,NULL),(1335,'psngr_aln_',1,78,NULL,NULL),(1336,'opsngr_aln_',1,78,NULL,NULL),(1337,'tx_id',1,79,NULL,NULL),(1338,'instance_id',1,79,NULL,NULL),(1339,'op',1,79,NULL,NULL),(1340,'chg_rsn_cm_txt',1,79,NULL,NULL),(1341,'ochg_rsn_cm_txt',1,79,NULL,NULL),(1342,'genrl_sl_agr_cntry_disc_dt',1,79,NULL,NULL),(1343,'ogenrl_sl_agr_cntry_disc_dt',1,79,NULL,NULL),(1344,'genrl_sl_agr_cntry_eff_dt',1,79,NULL,NULL),(1345,'ogenrl_sl_agr_cntry_eff_dt',1,79,NULL,NULL),(1346,'airline_cntrtl_plan_eff_dt',1,79,NULL,NULL),(1347,'oairline_cntrtl_plan_eff_dt',1,79,NULL,NULL),(1348,'airline_cntrtl_plan_eff_dt00',1,79,NULL,NULL),(1349,'oairline_cntrtl_plan_eff_dt00',1,79,NULL,NULL),(1350,'airline_cntr__cntry_srt_cd',1,79,NULL,NULL),(1351,'oairline_cntr__cntry_srt_cd',1,79,NULL,NULL),(1352,'airline_cntrtl_plan_eff_dt01',1,79,NULL,NULL),(1353,'oairline_cntrtl_plan_eff_dt01',1,79,NULL,NULL),(1354,'airline_cntrplan_surogt_id',1,79,NULL,NULL),(1355,'oairline_cntrplan_surogt_id',1,79,NULL,NULL),(1356,'airline_cntrlement__gds_cd',1,79,NULL,NULL),(1357,'oairline_cntrlement__gds_cd',1,79,NULL,NULL),(1358,'airline_cntrent__psngr_aln',1,79,NULL,NULL),(1359,'oairline_cntrent__psngr_aln',1,79,NULL,NULL),(1360,'psngr_aln_',1,79,NULL,NULL),(1361,'opsngr_aln_',1,79,NULL,NULL),(1362,'tx_id',1,80,NULL,NULL),(1363,'instance_id',1,80,NULL,NULL),(1364,'op',1,80,NULL,NULL),(1365,'chg_rsn_cm_txt',1,80,NULL,NULL),(1366,'ochg_rsn_cm_txt',1,80,NULL,NULL),(1367,'genrl_sl_agr_cntry_disc_dt',1,80,NULL,NULL),(1368,'ogenrl_sl_agr_cntry_disc_dt',1,80,NULL,NULL),(1369,'genrl_sl_agr_cntry_eff_dt',1,80,NULL,NULL),(1370,'ogenrl_sl_agr_cntry_eff_dt',1,80,NULL,NULL),(1371,'airline_cntrtl_plan_eff_dt',1,80,NULL,NULL),(1372,'oairline_cntrtl_plan_eff_dt',1,80,NULL,NULL),(1373,'airline_cntrtl_plan_eff_dt00',1,80,NULL,NULL),(1374,'oairline_cntrtl_plan_eff_dt00',1,80,NULL,NULL),(1375,'airline_cntr__cntry_srt_cd',1,80,NULL,NULL),(1376,'oairline_cntr__cntry_srt_cd',1,80,NULL,NULL),(1377,'airline_cntrtl_plan_eff_dt01',1,80,NULL,NULL),(1378,'oairline_cntrtl_plan_eff_dt01',1,80,NULL,NULL),(1379,'airline_cntrplan_surogt_id',1,80,NULL,NULL),(1380,'oairline_cntrplan_surogt_id',1,80,NULL,NULL),(1381,'airline_cntrlement__gds_cd',1,80,NULL,NULL),(1382,'oairline_cntrlement__gds_cd',1,80,NULL,NULL),(1383,'airline_cntrent__psngr_aln',1,80,NULL,NULL),(1384,'oairline_cntrent__psngr_aln',1,80,NULL,NULL),(1385,'psngr_aln_',1,80,NULL,NULL),(1386,'opsngr_aln_',1,80,NULL,NULL),(1387,'tx_id',1,81,NULL,NULL),(1388,'instance_id',1,81,NULL,NULL),(1389,'op',1,81,NULL,NULL),(1390,'chg_rsn_cm_txt',1,81,NULL,NULL),(1391,'ochg_rsn_cm_txt',1,81,NULL,NULL),(1392,'nrt_vld_aln_disc_dt',1,81,NULL,NULL),(1393,'onrt_vld_aln_disc_dt',1,81,NULL,NULL),(1394,'nrt_vld_aln_eff_dt',1,81,NULL,NULL),(1395,'onrt_vld_aln_eff_dt',1,81,NULL,NULL),(1396,'airline_cntrtl_plan_eff_dt',1,81,NULL,NULL),(1397,'oairline_cntrtl_plan_eff_dt',1,81,NULL,NULL),(1398,'airline_cntrtl_plan_eff_dt00',1,81,NULL,NULL),(1399,'oairline_cntrtl_plan_eff_dt00',1,81,NULL,NULL),(1400,'airline_cntr__cntry_srt_cd',1,81,NULL,NULL),(1401,'oairline_cntr__cntry_srt_cd',1,81,NULL,NULL),(1402,'airline_cntrtl_plan_eff_dt01',1,81,NULL,NULL),(1403,'oairline_cntrtl_plan_eff_dt01',1,81,NULL,NULL),(1404,'airline_cntrplan_surogt_id',1,81,NULL,NULL),(1405,'oairline_cntrplan_surogt_id',1,81,NULL,NULL),(1406,'airline_cntrlement__gds_cd',1,81,NULL,NULL),(1407,'oairline_cntrlement__gds_cd',1,81,NULL,NULL),(1408,'airline_cntrent__psngr_aln',1,81,NULL,NULL),(1409,'oairline_cntrent__psngr_aln',1,81,NULL,NULL),(1410,'tx_id',1,82,NULL,NULL),(1411,'instance_id',1,82,NULL,NULL),(1412,'op',1,82,NULL,NULL),(1413,'chg_rsn_cm_txt',1,82,NULL,NULL),(1414,'ochg_rsn_cm_txt',1,82,NULL,NULL),(1415,'nrt_vld_aln_disc_dt',1,82,NULL,NULL),(1416,'onrt_vld_aln_disc_dt',1,82,NULL,NULL),(1417,'nrt_vld_aln_eff_dt',1,82,NULL,NULL),(1418,'onrt_vld_aln_eff_dt',1,82,NULL,NULL),(1419,'airline_cntrtl_plan_eff_dt',1,82,NULL,NULL),(1420,'oairline_cntrtl_plan_eff_dt',1,82,NULL,NULL),(1421,'airline_cntrtl_plan_eff_dt00',1,82,NULL,NULL),(1422,'oairline_cntrtl_plan_eff_dt00',1,82,NULL,NULL),(1423,'airline_cntr__cntry_srt_cd',1,82,NULL,NULL),(1424,'oairline_cntr__cntry_srt_cd',1,82,NULL,NULL),(1425,'airline_cntrtl_plan_eff_dt01',1,82,NULL,NULL),(1426,'oairline_cntrtl_plan_eff_dt01',1,82,NULL,NULL),(1427,'airline_cntrplan_surogt_id',1,82,NULL,NULL),(1428,'oairline_cntrplan_surogt_id',1,82,NULL,NULL),(1429,'airline_cntrlement__gds_cd',1,82,NULL,NULL),(1430,'oairline_cntrlement__gds_cd',1,82,NULL,NULL),(1431,'airline_cntrent__psngr_aln',1,82,NULL,NULL),(1432,'oairline_cntrent__psngr_aln',1,82,NULL,NULL),(1433,'tx_id',1,83,NULL,NULL),(1434,'instance_id',1,83,NULL,NULL),(1435,'op',1,83,NULL,NULL),(1436,'chg_rsn_cm_txt',1,83,NULL,NULL),(1437,'ochg_rsn_cm_txt',1,83,NULL,NULL),(1438,'nrt_vld_aln_disc_dt',1,83,NULL,NULL),(1439,'onrt_vld_aln_disc_dt',1,83,NULL,NULL),(1440,'nrt_vld_aln_eff_dt',1,83,NULL,NULL),(1441,'onrt_vld_aln_eff_dt',1,83,NULL,NULL),(1442,'airline_cntrtl_plan_eff_dt',1,83,NULL,NULL),(1443,'oairline_cntrtl_plan_eff_dt',1,83,NULL,NULL),(1444,'airline_cntrtl_plan_eff_dt00',1,83,NULL,NULL),(1445,'oairline_cntrtl_plan_eff_dt00',1,83,NULL,NULL),(1446,'airline_cntr__cntry_srt_cd',1,83,NULL,NULL),(1447,'oairline_cntr__cntry_srt_cd',1,83,NULL,NULL),(1448,'airline_cntrtl_plan_eff_dt01',1,83,NULL,NULL),(1449,'oairline_cntrtl_plan_eff_dt01',1,83,NULL,NULL),(1450,'airline_cntrplan_surogt_id',1,83,NULL,NULL),(1451,'oairline_cntrplan_surogt_id',1,83,NULL,NULL),(1452,'airline_cntrlement__gds_cd',1,83,NULL,NULL),(1453,'oairline_cntrlement__gds_cd',1,83,NULL,NULL),(1454,'airline_cntrent__psngr_aln',1,83,NULL,NULL),(1455,'oairline_cntrent__psngr_aln',1,83,NULL,NULL),(1456,'tx_id',1,84,NULL,NULL),(1457,'instance_id',1,84,NULL,NULL),(1458,'op',1,84,NULL,NULL),(1459,'psngr_aln_surrogate_id',1,84,NULL,NULL),(1460,'opsngr_aln_surrogate_id',1,84,NULL,NULL),(1461,'psngr_aln_supplier_name',1,84,NULL,NULL),(1462,'opsngr_aln_supplier_name',1,84,NULL,NULL),(1463,'psngr_aln_supplier_code',1,84,NULL,NULL),(1464,'opsngr_aln_supplier_code',1,84,NULL,NULL),(1465,'psngr_aln_effective_date',1,84,NULL,NULL),(1466,'opsngr_aln_effective_date',1,84,NULL,NULL),(1467,'psngr_aln_discontinue_date',1,84,NULL,NULL),(1468,'opsngr_aln_discontinue_date',1,84,NULL,NULL),(1469,'psngr_aln_source_name',1,84,NULL,NULL),(1470,'opsngr_aln_source_name',1,84,NULL,NULL),(1471,'psngr_aln_operation_type',1,84,NULL,NULL),(1472,'opsngr_aln_operation_type',1,84,NULL,NULL),(1473,'psngr_aln_long_cd',1,84,NULL,NULL),(1474,'opsngr_aln_long_cd',1,84,NULL,NULL),(1475,'tx_id',1,85,NULL,NULL),(1476,'instance_id',1,85,NULL,NULL),(1477,'op',1,85,NULL,NULL),(1478,'service_provr_surrogate_id',1,85,NULL,NULL),(1479,'oservice_provr_surrogate_id',1,85,NULL,NULL),(1480,'service_prov_supplier_name',1,85,NULL,NULL),(1481,'oservice_prov_supplier_name',1,85,NULL,NULL),(1482,'service_prov_supplier_code',1,85,NULL,NULL),(1483,'oservice_prov_supplier_code',1,85,NULL,NULL),(1484,'service_proveffective_date',1,85,NULL,NULL),(1485,'oservice_proveffective_date',1,85,NULL,NULL),(1486,'service_provscontinue_date',1,85,NULL,NULL),(1487,'oservice_provscontinue_date',1,85,NULL,NULL),(1488,'service_provider_source_name',1,85,NULL,NULL),(1489,'oservice_provider_source_name',1,85,NULL,NULL),(1490,'service_provoperation_type',1,85,NULL,NULL),(1491,'oservice_provoperation_type',1,85,NULL,NULL),(1492,'tx_id',1,86,NULL,NULL),(1493,'instance_id',1,86,NULL,NULL),(1494,'op',1,86,NULL,NULL),(1495,'service_provr_surrogate_id',1,86,NULL,NULL),(1496,'oservice_provr_surrogate_id',1,86,NULL,NULL),(1497,'service_prov_supplier_name',1,86,NULL,NULL),(1498,'oservice_prov_supplier_name',1,86,NULL,NULL),(1499,'service_prov_supplier_code',1,86,NULL,NULL),(1500,'oservice_prov_supplier_code',1,86,NULL,NULL),(1501,'service_proveffective_date',1,86,NULL,NULL),(1502,'oservice_proveffective_date',1,86,NULL,NULL),(1503,'service_provscontinue_date',1,86,NULL,NULL),(1504,'oservice_provscontinue_date',1,86,NULL,NULL),(1505,'service_provider_source_name',1,86,NULL,NULL),(1506,'oservice_provider_source_name',1,86,NULL,NULL),(1507,'service_provoperation_type',1,86,NULL,NULL),(1508,'oservice_provoperation_type',1,86,NULL,NULL),(1509,'tx_id',1,87,NULL,NULL),(1510,'instance_id',1,87,NULL,NULL),(1511,'op',1,87,NULL,NULL),(1512,'stl_plan_disc_dt',1,87,NULL,NULL),(1513,'ostl_plan_disc_dt',1,87,NULL,NULL),(1514,'stl_plan_eff_dt',1,87,NULL,NULL),(1515,'ostl_plan_eff_dt',1,87,NULL,NULL),(1516,'stl_plan_nm',1,87,NULL,NULL),(1517,'ostl_plan_nm',1,87,NULL,NULL),(1518,'stl_plan_surogt_id',1,87,NULL,NULL),(1519,'ostl_plan_surogt_id',1,87,NULL,NULL),(1520,'settlement_plan_type_',1,87,NULL,NULL),(1521,'osettlement_plan_type_',1,87,NULL,NULL),(1522,'settlement_plan_subtype_',1,87,NULL,NULL),(1523,'osettlement_plan_subtype_',1,87,NULL,NULL),(1524,'tx_id',1,88,NULL,NULL),(1525,'instance_id',1,88,NULL,NULL),(1526,'op',1,88,NULL,NULL),(1527,'stl_plan_disc_dt',1,88,NULL,NULL),(1528,'ostl_plan_disc_dt',1,88,NULL,NULL),(1529,'stl_plan_eff_dt',1,88,NULL,NULL),(1530,'ostl_plan_eff_dt',1,88,NULL,NULL),(1531,'stl_plan_nm',1,88,NULL,NULL),(1532,'ostl_plan_nm',1,88,NULL,NULL),(1533,'stl_plan_surogt_id',1,88,NULL,NULL),(1534,'ostl_plan_surogt_id',1,88,NULL,NULL),(1535,'settlement_plan_type_',1,88,NULL,NULL),(1536,'osettlement_plan_type_',1,88,NULL,NULL),(1537,'settlement_plan_subtype_',1,88,NULL,NULL),(1538,'osettlement_plan_subtype_',1,88,NULL,NULL),(1539,'tx_id',1,89,NULL,NULL),(1540,'instance_id',1,89,NULL,NULL),(1541,'op',1,89,NULL,NULL),(1542,'stl_plan_disc_dt',1,89,NULL,NULL),(1543,'ostl_plan_disc_dt',1,89,NULL,NULL),(1544,'stl_plan_eff_dt',1,89,NULL,NULL),(1545,'ostl_plan_eff_dt',1,89,NULL,NULL),(1546,'stl_plan_nm',1,89,NULL,NULL),(1547,'ostl_plan_nm',1,89,NULL,NULL),(1548,'stl_plan_surogt_id',1,89,NULL,NULL),(1549,'ostl_plan_surogt_id',1,89,NULL,NULL),(1550,'settlement_plan_type_',1,89,NULL,NULL),(1551,'osettlement_plan_type_',1,89,NULL,NULL),(1552,'settlement_plan_subtype_',1,89,NULL,NULL),(1553,'osettlement_plan_subtype_',1,89,NULL,NULL),(1554,'home_id',1,90,NULL,NULL),(1555,'parent_home_id',1,90,NULL,NULL),(1556,'home_name',1,90,NULL,NULL),(1557,'home_type',1,90,NULL,NULL),(1558,'creation_date',1,90,NULL,NULL),(1559,'termination_date',1,90,NULL,NULL),(1560,'last_read',1,90,NULL,NULL),(1561,'last_write',1,90,NULL,NULL),(1562,'home_id',1,91,NULL,NULL),(1563,'table_rid',1,91,NULL,NULL),(1564,'bloc_id',1,91,NULL,NULL),(1565,'revision_id',1,91,NULL,NULL),(1566,'home_id',1,92,NULL,NULL),(1567,'instance_id',1,92,NULL,NULL),(1568,'revision_id',1,92,NULL,NULL),(1569,'action_id',1,93,NULL,NULL),(1570,'built_in_action_name',1,93,NULL,NULL),(1571,'procedure_name',1,93,NULL,NULL),(1572,'home_id',1,94,NULL,NULL),(1573,'home_name',1,94,NULL,NULL),(1574,'home_type',1,94,NULL,NULL),(1575,'instance_id',1,95,NULL,NULL),(1576,'reference',1,95,NULL,NULL),(1577,'content_type',1,95,NULL,NULL),(1578,'tx_id',1,96,NULL,NULL),(1579,'merged_home_id',1,96,NULL,NULL),(1580,'begin_time',1,96,NULL,NULL),(1581,'end_time',1,96,NULL,NULL),(1582,'session_id',1,97,NULL,NULL),(1583,'session_type',1,97,NULL,NULL),(1584,'ip_address',1,97,NULL,NULL),(1585,'http_id',1,97,NULL,NULL),(1586,'tracking_info',1,97,NULL,NULL),(1587,'tx_id',1,98,NULL,NULL),(1588,'user_id',1,98,NULL,NULL),(1589,'action_id',1,98,NULL,NULL),(1590,'home_id',1,98,NULL,NULL),(1591,'session_id',1,98,NULL,NULL),(1592,'timestamp',1,98,NULL,NULL),(1593,'uuid',1,98,NULL,NULL),(1594,'execution_info',1,98,NULL,NULL),(1595,'tx_id',1,99,NULL,NULL),(1596,'instance_id',1,99,NULL,NULL),(1597,'txs',1,99,NULL,NULL),(1598,'nb_creates',1,99,NULL,NULL),(1599,'nb_updates',1,99,NULL,NULL),(1600,'nb_deletes',1,99,NULL,NULL),(1601,'user_id',1,100,NULL,NULL),(1602,'name',1,100,NULL,NULL),(1603,'idx_id',1,101,NULL,NULL),(1604,'txs_id',1,101,NULL,NULL),(1605,'cxs_id',1,101,NULL,NULL),(1606,'column_order',1,101,NULL,NULL),(1607,'txs_id',1,102,NULL,NULL),(1608,'idx_id',1,102,NULL,NULL),(1609,'index_name',1,102,NULL,NULL),(1610,'index_name_in_db',1,102,NULL,NULL),(1611,'flag_pk',1,102,NULL,NULL),(1612,'state',1,102,NULL,NULL),(1613,'last_write',1,102,NULL,NULL),(1614,'instance_id',1,103,NULL,NULL),(1615,'reference',1,103,NULL,NULL),(1616,'uuid',1,103,NULL,NULL),(1617,'instance_id',1,104,NULL,NULL),(1618,'revision_id',1,104,NULL,NULL),(1619,'parent_reference',1,104,NULL,NULL),(1620,'content_type',1,104,NULL,NULL),(1621,'record_id',1,104,NULL,NULL),(1622,'shared_revision',1,104,NULL,NULL),(1623,'revision_date',1,104,NULL,NULL),(1624,'content',1,104,NULL,NULL),(1625,'master_txs_id',1,105,NULL,NULL),(1626,'list_path',1,105,NULL,NULL),(1627,'aux_txs_id',1,105,NULL,NULL),(1628,'hv_column_name',1,105,NULL,NULL),(1629,'update_id',1,106,NULL,NULL),(1630,'t_stamp',1,106,NULL,NULL),(1631,'product_info',1,106,NULL,NULL),(1632,'repository_id',1,107,NULL,NULL),(1633,'format_id',1,107,NULL,NULL),(1634,'repository_label',1,107,NULL,NULL),(1635,'last_read',1,107,NULL,NULL),(1636,'last_write',1,107,NULL,NULL),(1637,'xs_id',1,108,NULL,NULL),(1638,'name',1,108,NULL,NULL),(1639,'dataspace',1,108,NULL,NULL),(1640,'dataset',1,108,NULL,NULL),(1641,'refresh',1,108,NULL,NULL),(1642,'id',1,109,NULL,NULL),(1643,'mode_key',1,109,NULL,NULL),(1644,'heart_beat_interval',1,109,NULL,NULL),(1645,'host_name',1,109,NULL,NULL),(1646,'host_address',1,109,NULL,NULL),(1647,'product_version',1,109,NULL,NULL),(1648,'insert_time',1,109,NULL,NULL),(1649,'state',1,109,NULL,NULL),(1650,'rro_flag',1,109,NULL,NULL),(1651,'rro_request_time',1,109,NULL,NULL),(1652,'rro_hold_time',1,109,NULL,NULL),(1653,'heart_beat_time',1,109,NULL,NULL),(1654,'heart_beat_count',1,109,NULL,NULL),(1655,'heart_beat_max_interval',1,109,NULL,NULL),(1656,'pre_commit_count',1,109,NULL,NULL),(1657,'post_commit_count',1,109,NULL,NULL),(1658,'marked_dead_time',1,109,NULL,NULL),(1659,'marked_dead_origin',1,109,NULL,NULL),(1660,'system_info',1,109,NULL,NULL),(1661,'table_rid',1,110,NULL,NULL),(1662,'instance_id',1,110,NULL,NULL),(1663,'content_type',1,110,NULL,NULL),(1664,'xs_path',1,110,NULL,NULL),(1665,'xs_id',1,110,NULL,NULL),(1666,'xs_id',1,111,NULL,NULL),(1667,'rpu_name',1,111,NULL,NULL),(1668,'txs_id',1,111,NULL,NULL),(1669,'table_name_in_db',1,111,NULL,NULL),(1670,'state',1,111,NULL,NULL),(1671,'created_time',1,111,NULL,NULL),(1672,'last_refreshed_time',1,111,NULL,NULL),(1673,'txs_id',1,112,NULL,NULL),(1674,'table_path',1,112,NULL,NULL),(1675,'table_name_in_db',1,112,NULL,NULL),(1676,'table_name_in_db_for_hv',1,112,NULL,NULL),(1677,'state',1,112,NULL,NULL),(1678,'state_hv',1,112,NULL,NULL),(1679,'last_write',1,112,NULL,NULL),(1680,'xs_id',1,112,NULL,NULL),(1681,'xs_id',1,113,NULL,NULL),(1682,'xs_path',1,113,NULL,NULL),(1683,'state',1,113,NULL,NULL),(1684,'last_write',1,113,NULL,NULL),(1685,'id',1,114,NULL,NULL),(1686,'name',1,114,NULL,NULL),(1687,'lines',1,114,NULL,NULL),(1688,'city',1,114,NULL,NULL),(1689,'state',1,114,NULL,NULL),(1690,'postal',1,114,NULL,NULL),(1691,'country',1,114,NULL,NULL),(1692,'named_type',1,114,NULL,NULL),(1693,'location_reference_encoded',1,114,NULL,NULL),(1694,'geo_quality',1,114,NULL,NULL),(1695,'timezone_id',1,114,NULL,NULL),(1696,'lat',1,114,NULL,NULL),(1697,'lng',1,114,NULL,NULL),(1698,'id',1,115,NULL,NULL),(1699,'type',1,115,NULL,NULL),(1700,'name',1,115,NULL,NULL),(1701,'asset_file_name',1,115,NULL,NULL),(1702,'asset_content_type',1,115,NULL,NULL),(1703,'asset_file_size',1,115,NULL,NULL),(1704,'created_at',1,115,NULL,NULL),(1705,'updated_at',1,115,NULL,NULL),(1706,'id',1,116,NULL,NULL),(1707,'encoding_method',1,116,NULL,NULL),(1708,'raw_data',1,116,NULL,NULL),(1709,'id',1,117,NULL,NULL),(1710,'prog_id',1,117,NULL,NULL),(1711,'bonus_id',1,117,NULL,NULL),(1712,'company_name',1,117,NULL,NULL),(1713,'program_name',1,117,NULL,NULL),(1714,'title',1,117,NULL,NULL),(1715,'description',1,117,NULL,NULL),(1716,'signup_url',1,117,NULL,NULL),(1717,'bonus_type',1,117,NULL,NULL),(1718,'start_date',1,117,NULL,NULL),(1719,'end_date',1,117,NULL,NULL),(1720,'ongoing',1,117,NULL,NULL),(1721,'last_updated',1,117,NULL,NULL),(1722,'created_at',1,117,NULL,NULL),(1723,'updated_at',1,117,NULL,NULL),(1724,'prog_type',1,117,NULL,NULL),(1725,'id',1,118,NULL,NULL),(1726,'user_id',1,118,NULL,NULL),(1727,'token',1,118,NULL,NULL),(1728,'id',1,119,NULL,NULL),(1729,'owner_id',1,119,NULL,NULL),(1730,'email',1,119,NULL,NULL),(1731,'created_at',1,119,NULL,NULL),(1732,'user_id',1,119,NULL,NULL),(1733,'vip',1,119,NULL,NULL),(1734,'serialized_meta',1,119,NULL,NULL),(1735,'vip_pending',1,119,NULL,NULL),(1736,'updated_at',1,119,NULL,NULL),(1737,'enabled',1,119,NULL,NULL),(1738,'id',1,120,NULL,NULL),(1739,'code',1,120,NULL,NULL),(1740,'description',1,120,NULL,NULL),(1741,'usage_limit',1,120,NULL,NULL),(1742,'starts_on',1,120,NULL,NULL),(1743,'expires_on',1,120,NULL,NULL),(1744,'amount',1,120,NULL,NULL),(1745,'percent_based',1,120,NULL,NULL),(1746,'created_at',1,120,NULL,NULL),(1747,'updated_at',1,120,NULL,NULL),(1748,'id',1,121,NULL,NULL),(1749,'sale_id',1,121,NULL,NULL),(1750,'credit_source_id',1,121,NULL,NULL),(1751,'credit_source_type',1,121,NULL,NULL),(1752,'amount',1,121,NULL,NULL),(1753,'description',1,121,NULL,NULL),(1754,'created_at',1,121,NULL,NULL),(1755,'updated_at',1,121,NULL,NULL),(1756,'id',1,122,NULL,NULL),(1757,'name',1,122,NULL,NULL),(1758,'description',1,122,NULL,NULL),(1759,'created_at',1,122,NULL,NULL),(1760,'updated_at',1,122,NULL,NULL),(1761,'partial',1,122,NULL,NULL),(1762,'active',1,122,NULL,NULL),(1763,'id',1,123,NULL,NULL),(1764,'day',1,123,NULL,NULL),(1765,'event_name',1,123,NULL,NULL),(1766,'group1',1,123,NULL,NULL),(1767,'group2',1,123,NULL,NULL),(1768,'qty',1,123,NULL,NULL),(1769,'source',1,123,NULL,NULL),(1770,'id',1,124,NULL,NULL),(1771,'priority',1,124,NULL,NULL),(1772,'attempts',1,124,NULL,NULL),(1773,'job_key',1,124,NULL,NULL),(1774,'parent_type',1,124,NULL,NULL),(1775,'parent_id',1,124,NULL,NULL),(1776,'handler',1,124,NULL,NULL),(1777,'last_error',1,124,NULL,NULL),(1778,'run_at',1,124,NULL,NULL),(1779,'locked_at',1,124,NULL,NULL),(1780,'failed_at',1,124,NULL,NULL),(1781,'locked_by',1,124,NULL,NULL),(1782,'created_at',1,124,NULL,NULL),(1783,'updated_at',1,124,NULL,NULL),(1784,'id',1,125,NULL,NULL),(1785,'pcc',1,125,NULL,NULL),(1786,'included',1,125,NULL,NULL),(1787,'owner',1,125,NULL,NULL),(1788,'active',1,125,NULL,NULL),(1789,'created_at',1,125,NULL,NULL),(1790,'updated_at',1,125,NULL,NULL),(1791,'id',1,126,NULL,NULL),(1792,'created_at',1,126,NULL,NULL),(1793,'updated_at',1,126,NULL,NULL),(1794,'user_id',1,126,NULL,NULL),(1795,'device_token',1,126,NULL,NULL),(1796,'enabled',1,126,NULL,NULL),(1797,'id',1,127,NULL,NULL),(1798,'documentable_id',1,127,NULL,NULL),(1799,'documentable_type',1,127,NULL,NULL),(1800,'name',1,127,NULL,NULL),(1801,'object_type',1,127,NULL,NULL),(1802,'expires_at',1,127,NULL,NULL),(1803,'created_at',1,127,NULL,NULL),(1804,'updated_at',1,127,NULL,NULL),(1805,'link_url',1,127,NULL,NULL),(1806,'attachment_file_name',1,127,NULL,NULL),(1807,'attachment_content_type',1,127,NULL,NULL),(1808,'attachment_file_size',1,127,NULL,NULL),(1809,'attachment_updated_at',1,127,NULL,NULL),(1810,'id',1,128,NULL,NULL),(1811,'payload',1,128,NULL,NULL),(1812,'created_at',1,128,NULL,NULL),(1813,'updated_at',1,128,NULL,NULL),(1814,'msg_type',1,128,NULL,NULL),(1815,'id',1,129,NULL,NULL),(1816,'type',1,129,NULL,NULL),(1817,'subscribable_type',1,129,NULL,NULL),(1818,'subscribable_id',1,129,NULL,NULL),(1819,'contact_id',1,129,NULL,NULL),(1820,'created_at',1,129,NULL,NULL),(1821,'updated_at',1,129,NULL,NULL),(1822,'id',1,130,NULL,NULL),(1823,'trip_id',1,130,NULL,NULL),(1824,'category',1,130,NULL,NULL),(1825,'currency_code',1,130,NULL,NULL),(1826,'amount',1,130,NULL,NULL),(1827,'created_at',1,130,NULL,NULL),(1828,'updated_at',1,130,NULL,NULL),(1829,'note',1,130,NULL,NULL),(1830,'expense_date',1,130,NULL,NULL),(1831,'payment_type',1,130,NULL,NULL),(1832,'id',1,131,NULL,NULL),(1833,'changed_at',1,131,NULL,NULL),(1834,'flight_status_id',1,131,NULL,NULL),(1835,'event_name',1,131,NULL,NULL),(1836,'reference_time',1,131,NULL,NULL),(1837,'id',1,132,NULL,NULL),(1838,'airline_code',1,132,NULL,NULL),(1839,'flight_number',1,132,NULL,NULL),(1840,'departure_airport',1,132,NULL,NULL),(1841,'arrival_airport',1,132,NULL,NULL),(1842,'id_departure_date',1,132,NULL,NULL),(1843,'published_departure',1,132,NULL,NULL),(1844,'sched_gate_departure',1,132,NULL,NULL),(1845,'est_gate_departure',1,132,NULL,NULL),(1846,'actual_gate_departure',1,132,NULL,NULL),(1847,'sched_runway_departure',1,132,NULL,NULL),(1848,'est_runway_departure',1,132,NULL,NULL),(1849,'actual_runway_departure',1,132,NULL,NULL),(1850,'published_arrival',1,132,NULL,NULL),(1851,'sched_gate_arrival',1,132,NULL,NULL),(1852,'est_gate_arrival',1,132,NULL,NULL),(1853,'actual_gate_arrival',1,132,NULL,NULL),(1854,'sched_runway_arrival',1,132,NULL,NULL),(1855,'est_runway_arrival',1,132,NULL,NULL),(1856,'actual_runway_arrival',1,132,NULL,NULL),(1857,'status_code',1,132,NULL,NULL),(1858,'sched_aircraft_type',1,132,NULL,NULL),(1859,'departure_gate',1,132,NULL,NULL),(1860,'departure_terminal',1,132,NULL,NULL),(1861,'arrival_gate',1,132,NULL,NULL),(1862,'arrival_terminal',1,132,NULL,NULL),(1863,'baggage_claim',1,132,NULL,NULL),(1864,'departure_utc',1,132,NULL,NULL),(1865,'arrival_utc',1,132,NULL,NULL),(1866,'operating_airline_code',1,132,NULL,NULL),(1867,'operating_flight_number',1,132,NULL,NULL),(1868,'updated_at',1,132,NULL,NULL),(1869,'status_updated_at',1,132,NULL,NULL),(1870,'departure_gate_source',1,132,NULL,NULL),(1871,'arrival_gate_source',1,132,NULL,NULL),(1872,'flight_rule_id',1,132,NULL,NULL),(1873,'flight_history_id',1,132,NULL,NULL),(1874,'tail_number',1,132,NULL,NULL),(1875,'synced',1,132,NULL,NULL),(1876,'fs_dep_event_time',1,132,NULL,NULL),(1877,'fs_arr_event_time',1,132,NULL,NULL),(1878,'next_sync_at',1,132,NULL,NULL),(1879,'id',1,133,NULL,NULL),(1880,'flight_status_id',1,133,NULL,NULL),(1881,'airline_code',1,133,NULL,NULL),(1882,'flight_number',1,133,NULL,NULL),(1883,'departure_airport',1,133,NULL,NULL),(1884,'arrival_airport',1,133,NULL,NULL),(1885,'id_departure_date',1,133,NULL,NULL),(1886,'published_departure',1,133,NULL,NULL),(1887,'sched_gate_departure',1,133,NULL,NULL),(1888,'est_gate_departure',1,133,NULL,NULL),(1889,'actual_gate_departure',1,133,NULL,NULL),(1890,'sched_runway_departure',1,133,NULL,NULL),(1891,'est_runway_departure',1,133,NULL,NULL),(1892,'actual_runway_departure',1,133,NULL,NULL),(1893,'published_arrival',1,133,NULL,NULL),(1894,'sched_gate_arrival',1,133,NULL,NULL),(1895,'est_gate_arrival',1,133,NULL,NULL),(1896,'actual_gate_arrival',1,133,NULL,NULL),(1897,'sched_runway_arrival',1,133,NULL,NULL),(1898,'est_runway_arrival',1,133,NULL,NULL),(1899,'actual_runway_arrival',1,133,NULL,NULL),(1900,'status_code',1,133,NULL,NULL),(1901,'sched_aircraft_type',1,133,NULL,NULL),(1902,'departure_gate',1,133,NULL,NULL),(1903,'departure_terminal',1,133,NULL,NULL),(1904,'arrival_gate',1,133,NULL,NULL),(1905,'arrival_terminal',1,133,NULL,NULL),(1906,'baggage_claim',1,133,NULL,NULL),(1907,'departure_utc',1,133,NULL,NULL),(1908,'arrival_utc',1,133,NULL,NULL),(1909,'operating_airline_code',1,133,NULL,NULL),(1910,'operating_flight_number',1,133,NULL,NULL),(1911,'updated_at',1,133,NULL,NULL),(1912,'status_updated_at',1,133,NULL,NULL),(1913,'departure_gate_source',1,133,NULL,NULL),(1914,'arrival_gate_source',1,133,NULL,NULL),(1915,'flight_rule_id',1,133,NULL,NULL),(1916,'flight_history_id',1,133,NULL,NULL),(1917,'tail_number',1,133,NULL,NULL),(1918,'synced',1,133,NULL,NULL),(1919,'fs_dep_event_time',1,133,NULL,NULL),(1920,'fs_arr_event_time',1,133,NULL,NULL),(1921,'next_sync_at',1,133,NULL,NULL),(1922,'created_at',1,133,NULL,NULL),(1923,'id',1,134,NULL,NULL),(1924,'street',1,134,NULL,NULL),(1925,'city',1,134,NULL,NULL),(1926,'state',1,134,NULL,NULL),(1927,'postal',1,134,NULL,NULL),(1928,'country',1,134,NULL,NULL),(1929,'lat',1,134,NULL,NULL),(1930,'lng',1,134,NULL,NULL),(1931,'confidence_code',1,134,NULL,NULL),(1932,'timezone_id',1,134,NULL,NULL),(1933,'label',1,134,NULL,NULL),(1934,'id',1,135,NULL,NULL),(1935,'confirmation',1,135,NULL,NULL),(1936,'client_id',1,135,NULL,NULL),(1937,'first_name',1,135,NULL,NULL),(1938,'last_name',1,135,NULL,NULL),(1939,'email',1,135,NULL,NULL),(1940,'cancel_number',1,135,NULL,NULL),(1941,'binary_id',1,135,NULL,NULL),(1942,'user_id',1,135,NULL,NULL),(1943,'canceled_at',1,135,NULL,NULL),(1944,'created_at',1,135,NULL,NULL),(1945,'updated_at',1,135,NULL,NULL),(1946,'id',1,136,NULL,NULL),(1947,'csr_user_id',1,136,NULL,NULL),(1948,'status',1,136,NULL,NULL),(1949,'created_at',1,136,NULL,NULL),(1950,'updated_at',1,136,NULL,NULL),(1951,'user_id',1,136,NULL,NULL),(1952,'trip_id',1,136,NULL,NULL),(1953,'senders_email',1,136,NULL,NULL),(1954,'was_parked',1,136,NULL,NULL),(1955,'parser_sent_at',1,136,NULL,NULL),(1956,'parser_received_at',1,136,NULL,NULL),(1957,'parser_status',1,136,NULL,NULL),(1958,'processed_by',1,136,NULL,NULL),(1959,'csr_sent_at',1,136,NULL,NULL),(1960,'csr_claimed_at',1,136,NULL,NULL),(1961,'csr_closed_at',1,136,NULL,NULL),(1962,'csr_parse_failure_ids',1,136,NULL,NULL),(1963,'simulated',1,136,NULL,NULL),(1964,'parent_id',1,136,NULL,NULL),(1965,'id',1,137,NULL,NULL),(1966,'sale_id',1,137,NULL,NULL),(1967,'quantity',1,137,NULL,NULL),(1968,'product_id',1,137,NULL,NULL),(1969,'refund_id',1,137,NULL,NULL),(1970,'created_at',1,137,NULL,NULL),(1971,'updated_at',1,137,NULL,NULL),(1972,'id',1,138,NULL,NULL),(1973,'record_locator',1,138,NULL,NULL),(1974,'last_name',1,138,NULL,NULL),(1975,'last_segment_at',1,138,NULL,NULL),(1976,'created_at',1,138,NULL,NULL),(1977,'updated_at',1,138,NULL,NULL),(1978,'partner_id',1,138,NULL,NULL),(1979,'pcc',1,138,NULL,NULL),(1980,'system',1,138,NULL,NULL),(1981,'id',1,139,NULL,NULL),(1982,'parked_pnr_id',1,139,NULL,NULL),(1983,'email',1,139,NULL,NULL),(1984,'created_at',1,139,NULL,NULL),(1985,'updated_at',1,139,NULL,NULL),(1986,'id',1,140,NULL,NULL),(1987,'created_at',1,140,NULL,NULL),(1988,'email',1,140,NULL,NULL),(1989,'updated_at',1,140,NULL,NULL),(1990,'trip_id',1,140,NULL,NULL),(1991,'identifier',1,140,NULL,NULL),(1992,'partner_id',1,140,NULL,NULL),(1993,'suppress_emails',1,140,NULL,NULL),(1994,'id',1,141,NULL,NULL),(1995,'name',1,141,NULL,NULL),(1996,'auth_token',1,141,NULL,NULL),(1997,'created_at',1,141,NULL,NULL),(1998,'updated_at',1,141,NULL,NULL),(1999,'short_name',1,141,NULL,NULL),(2000,'logo',1,141,NULL,NULL),(2001,'top_instructions',1,141,NULL,NULL),(2002,'register_form_instructions',1,141,NULL,NULL),(2003,'login_form_instructions',1,141,NULL,NULL),(2004,'promo_code',1,141,NULL,NULL),(2005,'reaccomm_email',1,141,NULL,NULL),(2006,'reaccomm_endpoint_url',1,141,NULL,NULL),(2007,'reaccomm_instructions',1,141,NULL,NULL),(2008,'partner_logo_id',1,141,NULL,NULL),(2009,'id',1,142,NULL,NULL),(2010,'type',1,142,NULL,NULL),(2011,'user_id',1,142,NULL,NULL),(2012,'cc_type',1,142,NULL,NULL),(2013,'cc_token',1,142,NULL,NULL),(2014,'cc_exp_month',1,142,NULL,NULL),(2015,'cc_exp_year',1,142,NULL,NULL),(2016,'created_at',1,142,NULL,NULL),(2017,'updated_at',1,142,NULL,NULL),(2018,'cc_last_four',1,142,NULL,NULL),(2019,'id',1,143,NULL,NULL),(2020,'name',1,143,NULL,NULL),(2021,'description',1,143,NULL,NULL),(2022,'price',1,143,NULL,NULL),(2023,'feature_list',1,143,NULL,NULL),(2024,'created_at',1,143,NULL,NULL),(2025,'updated_at',1,143,NULL,NULL),(2026,'id',1,144,NULL,NULL),(2027,'created_at',1,144,NULL,NULL),(2028,'sync_id',1,144,NULL,NULL),(2029,'queue_name',1,144,NULL,NULL),(2030,'message',1,144,NULL,NULL),(2031,'status',1,144,NULL,NULL),(2032,'id',1,145,NULL,NULL),(2033,'state',1,145,NULL,NULL),(2034,'trip_item_id',1,145,NULL,NULL),(2035,'new_flights',1,145,NULL,NULL),(2036,'notify_attempts',1,145,NULL,NULL),(2037,'notify_method',1,145,NULL,NULL),(2038,'created_at',1,145,NULL,NULL),(2039,'updated_at',1,145,NULL,NULL),(2040,'partner_phone_number',1,145,NULL,NULL),(2041,'partner_short_name',1,145,NULL,NULL),(2042,'id',1,146,NULL,NULL),(2043,'user_id',1,146,NULL,NULL),(2044,'token',1,146,NULL,NULL),(2045,'expiration',1,146,NULL,NULL),(2046,'created_at',1,146,NULL,NULL),(2047,'updated_at',1,146,NULL,NULL),(2048,'version',1,147,NULL,NULL),(2049,'id',1,148,NULL,NULL),(2050,'name',1,148,NULL,NULL),(2051,'seq',1,148,NULL,NULL),(2052,'lock_version',1,148,NULL,NULL),(2053,'id',1,149,NULL,NULL),(2054,'type',1,149,NULL,NULL),(2055,'state',1,149,NULL,NULL),(2056,'user_id',1,149,NULL,NULL),(2057,'expires_on',1,149,NULL,NULL),(2058,'renewal_period',1,149,NULL,NULL),(2059,'created_at',1,149,NULL,NULL),(2060,'updated_at',1,149,NULL,NULL),(2061,'product_id',1,149,NULL,NULL),(2062,'id',1,150,NULL,NULL),(2063,'domain',1,150,NULL,NULL),(2064,'ckey',1,150,NULL,NULL),(2065,'text',1,150,NULL,NULL),(2066,'updated_at',1,150,NULL,NULL),(2067,'expires_at',1,150,NULL,NULL),(2068,'id',1,151,NULL,NULL),(2069,'text',1,151,NULL,NULL),(2070,'category',1,151,NULL,NULL),(2071,'url',1,151,NULL,NULL),(2072,'title',1,151,NULL,NULL),(2073,'id',1,152,NULL,NULL),(2074,'trip_id',1,152,NULL,NULL),(2075,'start_location_id',1,152,NULL,NULL),(2076,'end_location_id',1,152,NULL,NULL),(2077,'start_time_utc',1,152,NULL,NULL),(2078,'end_time_utc',1,152,NULL,NULL),(2079,'serialized_meta',1,152,NULL,NULL),(2080,'route_binary_id',1,152,NULL,NULL),(2081,'route_cached_at',1,152,NULL,NULL),(2082,'route_signature',1,152,NULL,NULL),(2083,'id',1,153,NULL,NULL),(2084,'type',1,153,NULL,NULL),(2085,'user_id',1,153,NULL,NULL),(2086,'payment_method_id',1,153,NULL,NULL),(2087,'txn_code',1,153,NULL,NULL),(2088,'txn_amount',1,153,NULL,NULL),(2089,'created_at',1,153,NULL,NULL),(2090,'updated_at',1,153,NULL,NULL),(2091,'sale_id',1,153,NULL,NULL),(2092,'refunder_id',1,153,NULL,NULL),(2093,'order_id',1,153,NULL,NULL),(2094,'ip_address',1,153,NULL,NULL),(2095,'state',1,153,NULL,NULL),(2096,'txn_error',1,153,NULL,NULL),(2097,'id',1,154,NULL,NULL),(2098,'name',1,154,NULL,NULL),(2099,'user_id',1,154,NULL,NULL),(2100,'created_at',1,154,NULL,NULL),(2101,'updated_at',1,154,NULL,NULL),(2102,'create_source',1,154,NULL,NULL),(2103,'last_sync_at',1,154,NULL,NULL),(2104,'created_by_id',1,154,NULL,NULL),(2105,'start_time_utc',1,154,NULL,NULL),(2106,'end_time_utc',1,154,NULL,NULL),(2107,'start_time',1,154,NULL,NULL),(2108,'end_time',1,154,NULL,NULL),(2109,'id',1,155,NULL,NULL),(2110,'trip_id',1,155,NULL,NULL),(2111,'start_item_id',1,155,NULL,NULL),(2112,'end_item_id',1,155,NULL,NULL),(2113,'order_index',1,155,NULL,NULL),(2114,'route_signature',1,155,NULL,NULL),(2115,'minutes',1,155,NULL,NULL),(2116,'failed',1,155,NULL,NULL),(2117,'id',1,156,NULL,NULL),(2118,'name',1,156,NULL,NULL),(2119,'notes',1,156,NULL,NULL),(2120,'start_time',1,156,NULL,NULL),(2121,'end_time',1,156,NULL,NULL),(2122,'timezone',1,156,NULL,NULL),(2123,'id',1,157,NULL,NULL),(2124,'trip_id',1,157,NULL,NULL),(2125,'item_type',1,157,NULL,NULL),(2126,'item_id',1,157,NULL,NULL),(2127,'trip_source_id',1,157,NULL,NULL),(2128,'start_time',1,157,NULL,NULL),(2129,'end_time',1,157,NULL,NULL),(2130,'confirmation_number',1,157,NULL,NULL),(2131,'note',1,157,NULL,NULL),(2132,'name',1,157,NULL,NULL),(2133,'named_type',1,157,NULL,NULL),(2134,'phone_number',1,157,NULL,NULL),(2135,'create_source',1,157,NULL,NULL),(2136,'created_at',1,157,NULL,NULL),(2137,'start_time_utc',1,157,NULL,NULL),(2138,'end_time_utc',1,157,NULL,NULL),(2139,'parent_id',1,157,NULL,NULL),(2140,'type',1,157,NULL,NULL),(2141,'serialized_meta',1,157,NULL,NULL),(2142,'loc_type',1,157,NULL,NULL),(2143,'cancel_notified',1,157,NULL,NULL),(2144,'id',1,158,NULL,NULL),(2145,'trip_id',1,158,NULL,NULL),(2146,'create_source',1,158,NULL,NULL),(2147,'type',1,158,NULL,NULL),(2148,'binary_id',1,158,NULL,NULL),(2149,'search_identifier',1,158,NULL,NULL),(2150,'serialized_meta',1,158,NULL,NULL),(2151,'created_at',1,158,NULL,NULL),(2152,'has_unusable_items',1,158,NULL,NULL),(2153,'id',1,159,NULL,NULL),(2154,'partner_id',1,159,NULL,NULL),(2155,'trip_source_id',1,159,NULL,NULL),(2156,'created_at',1,159,NULL,NULL),(2157,'updated_at',1,159,NULL,NULL),(2158,'id',1,160,NULL,NULL),(2159,'trip_id',1,160,NULL,NULL),(2160,'contact_id',1,160,NULL,NULL),(2161,'created_at',1,160,NULL,NULL),(2162,'updated_at',1,160,NULL,NULL),(2163,'id',1,161,NULL,NULL),(2164,'trip_id',1,161,NULL,NULL),(2165,'trip_source_id',1,161,NULL,NULL),(2166,'serialized_meta',1,161,NULL,NULL),(2167,'created_at',1,161,NULL,NULL),(2168,'updated_at',1,161,NULL,NULL),(2169,'id',1,162,NULL,NULL),(2170,'first_name',1,162,NULL,NULL),(2171,'last_name',1,162,NULL,NULL),(2172,'password',1,162,NULL,NULL),(2173,'salt',1,162,NULL,NULL),(2174,'created_at',1,162,NULL,NULL),(2175,'updated_at',1,162,NULL,NULL),(2176,'forgot_password_auth_token',1,162,NULL,NULL),(2177,'device_identifier',1,162,NULL,NULL),(2178,'admin',1,162,NULL,NULL),(2179,'last_login_date',1,162,NULL,NULL),(2180,'mobile_app_agent',1,162,NULL,NULL),(2181,'todays_login_platforms',1,162,NULL,NULL),(2182,'csr',1,162,NULL,NULL),(2183,'promo_code',1,162,NULL,NULL),(2184,'newsletter_email_status',1,162,NULL,NULL),(2185,'serialized_meta',1,162,NULL,NULL),(2186,'customer_id',1,162,NULL,NULL),(2187,'mdot_auth_token',1,162,NULL,NULL),(2188,'mdot_auth_expiration',1,162,NULL,NULL),(2189,'wurfl_id',1,162,NULL,NULL),(2190,'admin_partner',1,162,NULL,NULL),(2191,'client_type',1,162,NULL,NULL),(2192,'product_updates',1,162,NULL,NULL),(2193,'sms_country_code',1,162,NULL,NULL),(2194,'sms_phone_number',1,162,NULL,NULL),(2195,'sms_alerts',1,162,NULL,NULL),(2196,'id',1,163,NULL,NULL),(2197,'user_id',1,163,NULL,NULL),(2198,'token',1,163,NULL,NULL),(2199,'device_id',1,163,NULL,NULL),(2200,'device_type',1,163,NULL,NULL),(2201,'created_at',1,163,NULL,NULL),(2202,'updated_at',1,163,NULL,NULL),(2203,'id',1,164,NULL,NULL),(2204,'user_id',1,164,NULL,NULL),(2205,'email',1,164,NULL,NULL),(2206,'verified',1,164,NULL,NULL),(2207,'is_primary',1,164,NULL,NULL),(2208,'updated_at',1,164,NULL,NULL),(2209,'sms',1,164,NULL,NULL),(2210,'id',1,165,NULL,NULL),(2211,'user_id',1,165,NULL,NULL),(2212,'pcc',1,165,NULL,NULL),(2213,'created_at',1,165,NULL,NULL),(2214,'updated_at',1,165,NULL,NULL);
/*!40000 ALTER TABLE `mdm_columns` ENABLE KEYS */;
UNLOCK TABLES;

--
-- Table structure for table `mdm_data_containers`
--

DROP TABLE IF EXISTS `mdm_data_containers`;
/*!40101 SET @saved_cs_client     = @@character_set_client */;
/*!40101 SET character_set_client = utf8 */;
CREATE TABLE `mdm_data_containers` (
  `id` int(11) NOT NULL AUTO_INCREMENT,
  `name` varchar(255) DEFAULT NULL,
  PRIMARY KEY (`id`)
) ENGINE=InnoDB DEFAULT CHARSET=utf8;
/*!40101 SET character_set_client = @saved_cs_client */;

--
-- Dumping data for table `mdm_data_containers`
--

LOCK TABLES `mdm_data_containers` WRITE;
/*!40000 ALTER TABLE `mdm_data_containers` DISABLE KEYS */;
/*!40000 ALTER TABLE `mdm_data_containers` ENABLE KEYS */;
UNLOCK TABLES;

--
-- Table structure for table `mdm_data_types`
--

DROP TABLE IF EXISTS `mdm_data_types`;
/*!40101 SET @saved_cs_client     = @@character_set_client */;
/*!40101 SET character_set_client = utf8 */;
CREATE TABLE `mdm_data_types` (
  `id` int(11) NOT NULL AUTO_INCREMENT,
  `name` varchar(255) DEFAULT NULL,
  `sql_type` varchar(255) DEFAULT NULL,
  PRIMARY KEY (`id`)
) ENGINE=InnoDB AUTO_INCREMENT=2 DEFAULT CHARSET=utf8;
/*!40101 SET character_set_client = @saved_cs_client */;

--
-- Dumping data for table `mdm_data_types`
--

LOCK TABLES `mdm_data_types` WRITE;
/*!40000 ALTER TABLE `mdm_data_types` DISABLE KEYS */;
INSERT INTO `mdm_data_types` VALUES (1,'string','varchar2');
/*!40000 ALTER TABLE `mdm_data_types` ENABLE KEYS */;
UNLOCK TABLES;

--
-- Table structure for table `mdm_foreign_keys`
--

DROP TABLE IF EXISTS `mdm_foreign_keys`;
/*!40101 SET @saved_cs_client     = @@character_set_client */;
/*!40101 SET character_set_client = utf8 */;
CREATE TABLE `mdm_foreign_keys` (
  `id` int(11) NOT NULL AUTO_INCREMENT,
  `mdm_column_id` int(11) DEFAULT NULL,
  `mdm_object_id` int(11) DEFAULT NULL,
  PRIMARY KEY (`id`)
) ENGINE=InnoDB DEFAULT CHARSET=utf8;
/*!40101 SET character_set_client = @saved_cs_client */;

--
-- Dumping data for table `mdm_foreign_keys`
--

LOCK TABLES `mdm_foreign_keys` WRITE;
/*!40000 ALTER TABLE `mdm_foreign_keys` DISABLE KEYS */;
/*!40000 ALTER TABLE `mdm_foreign_keys` ENABLE KEYS */;
UNLOCK TABLES;

--
-- Table structure for table `mdm_models`
--

DROP TABLE IF EXISTS `mdm_models`;
/*!40101 SET @saved_cs_client     = @@character_set_client */;
/*!40101 SET character_set_client = utf8 */;
CREATE TABLE `mdm_models` (
  `id` int(11) NOT NULL AUTO_INCREMENT,
  `name` varchar(255) DEFAULT NULL,
  `mdm_data_container_id` int(11) DEFAULT NULL,
  PRIMARY KEY (`id`)
) ENGINE=InnoDB AUTO_INCREMENT=7 DEFAULT CHARSET=utf8;
/*!40101 SET character_set_client = @saved_cs_client */;

--
-- Dumping data for table `mdm_models`
--

LOCK TABLES `mdm_models` WRITE;
/*!40000 ALTER TABLE `mdm_models` DISABLE KEYS */;
INSERT INTO `mdm_models` VALUES (1,'firstmodel',NULL),(2,'second model',NULL),(3,'import1',NULL),(4,'import1',NULL),(5,'import1',NULL),(6,'import1',NULL);
/*!40000 ALTER TABLE `mdm_models` ENABLE KEYS */;
UNLOCK TABLES;

--
-- Table structure for table `mdm_objects`
--

DROP TABLE IF EXISTS `mdm_objects`;
/*!40101 SET @saved_cs_client     = @@character_set_client */;
/*!40101 SET character_set_client = utf8 */;
CREATE TABLE `mdm_objects` (
  `id` int(11) NOT NULL AUTO_INCREMENT,
  `name` varchar(255) DEFAULT NULL,
  `mdm_model_id` int(11) DEFAULT NULL,
  PRIMARY KEY (`id`)
) ENGINE=InnoDB AUTO_INCREMENT=166 DEFAULT CHARSET=utf8;
/*!40101 SET character_set_client = @saved_cs_client */;

--
-- Dumping data for table `mdm_objects`
--

LOCK TABLES `mdm_objects` WRITE;
/*!40000 ALTER TABLE `mdm_objects` DISABLE KEYS */;
INSERT INTO `mdm_objects` VALUES (2,'test',1),(3,'table2',2),(33,'database_variants',4),(34,'mdm_columns',4),(35,'mdm_data_containers',4),(36,'mdm_data_types',4),(37,'mdm_foreign_keys',4),(38,'mdm_models',4),(39,'mdm_objects',4),(40,'mdm_primary_keys',4),(42,'ebx_brv',5),(43,'ebx_ctp',5),(44,'ebx_cxs',5),(45,'ebx_ddo',5),(46,'ebx_dds',5),(47,'ebx_ddt',5),(48,'ebx_ddx',5),(49,'ebx_fct',5),(50,'ebx_hg_aln_cntry_stl',5),(51,'ebx_hg_aln_cntry_stl00',5),(52,'ebx_hg_aln_cntry_stl01',5),(53,'ebx_hg_aln_intrln_ag',5),(54,'ebx_hg_aln_intrln_ag00',5),(55,'ebx_hg_aln_intrln_ag01',5),(56,'ebx_hg_cntry_stl_pla',5),(57,'ebx_hg_cntry_stl_pla00',5),(58,'ebx_hg_cntry_stl_pla01',5),(59,'ebx_hg_c_doc_issuing',5),(60,'ebx_hg_c_doc_issuing00',5),(61,'ebx_hg_c_doc_issuing01',5),(62,'ebx_hg_ec_aln_irln_a',5),(63,'ebx_hg_ec_aln_irln_a00',5),(64,'ebx_hg_ec_aln_irln_a01',5),(65,'ebx_hg_ec_cntry',5),(66,'ebx_hg_ec_cntry00',5),(67,'ebx_hg_ec_cntry01',5),(68,'ebx_hg_ec_gds',5),(69,'ebx_hg_ec_gds00',5),(70,'ebx_hg_ec_gds01',5),(71,'ebx_hg_ec_stl_plan_s',5),(72,'ebx_hg_ec_stl_plan_s00',5),(73,'ebx_hg_ec_stl_plan_s01',5),(74,'ebx_hg_ec_stl_plan_t',5),(75,'ebx_hg_ec_stl_plan_t00',5),(76,'ebx_hg_ec_stl_plan_t01',5),(77,'ebx_hg_ec_vld_agr_ty',5),(78,'ebx_hg_genrl_sl_agr_',5),(79,'ebx_hg_genrl_sl_agr_00',5),(80,'ebx_hg_genrl_sl_agr_01',5),(81,'ebx_hg_nrt_vld_aln',5),(82,'ebx_hg_nrt_vld_aln00',5),(83,'ebx_hg_nrt_vld_aln01',5),(84,'ebx_hg_psngr_aln',5),(85,'ebx_hg_service_provi',5),(86,'ebx_hg_service_provi00',5),(87,'ebx_hg_stl_plan',5),(88,'ebx_hg_stl_plan00',5),(89,'ebx_hg_stl_plan01',5),(90,'ebx_hom',5),(91,'ebx_htb',5),(92,'ebx_hti',5),(93,'ebx_hv_action',5),(94,'ebx_hv_hom',5),(95,'ebx_hv_instance',5),(96,'ebx_hv_merge',5),(97,'ebx_hv_session',5),(98,'ebx_hv_tx',5),(99,'ebx_hv_tx_stat',5),(100,'ebx_hv_user',5),(101,'ebx_icx',5),(102,'ebx_idx',5),(103,'ebx_ilr',5),(104,'ebx_irv',5),(105,'ebx_lxs',5),(106,'ebx_rel',5),(107,'ebx_rep',5),(108,'ebx_rpu',5),(109,'ebx_rro',5),(110,'ebx_tlr',5),(111,'ebx_txr',5),(112,'ebx_txs',5),(113,'ebx_xs',5),(114,'address_locations',6),(115,'assets',6),(116,'binaries',6),(117,'bonus_offers',6),(118,'calendars',6),(119,'contacts',6),(120,'coupons',6),(121,'credits',6),(122,'csr_parse_failures',6),(123,'daily_event_metrics',6),(124,'delayed_jobs',6),(125,'deny_pcc_overrides',6),(126,'device_push_subscriptions',6),(127,'documents',6),(128,'ems_queue_messages',6),(129,'event_subscriptions',6),(130,'expenses',6),(131,'flight_alert_changestamps',6),(132,'flight_statuses',6),(133,'flight_status_histories',6),(134,'geo_addresses',6),(135,'hotel_bookings',6),(136,'itin_emails',6),(137,'line_items',6),(138,'parked_pnrs',6),(139,'parked_pnr_emails',6),(140,'parked_trip_imports',6),(141,'partners',6),(142,'payment_methods',6),(143,'products',6),(144,'queued_messages',6),(145,'reaccommodation_requests',6),(146,'remember_me_tokens',6),(147,'schema_migrations',6),(148,'sequences',6),(149,'subscriptions',6),(150,'text_caches',6),(151,'tips',6),(152,'traffic_alerts',6),(153,'transactions',6),(154,'trips',6),(155,'trip_drive_suggestions',6),(156,'trip_events',6),(157,'trip_items',6),(158,'trip_sources',6),(159,'trip_source_partners',6),(160,'trip_subscribers',6),(161,'unparsable_items',6),(162,'users',6),(163,'user_devices',6),(164,'user_emails',6),(165,'user_pccs',6);
/*!40000 ALTER TABLE `mdm_objects` ENABLE KEYS */;
UNLOCK TABLES;

--
-- Table structure for table `mdm_primary_keys`
--

DROP TABLE IF EXISTS `mdm_primary_keys`;
/*!40101 SET @saved_cs_client     = @@character_set_client */;
/*!40101 SET character_set_client = utf8 */;
CREATE TABLE `mdm_primary_keys` (
  `id` int(11) NOT NULL AUTO_INCREMENT,
  `mdm_column_id` int(11) DEFAULT NULL,
  `mdm_object_id` int(11) DEFAULT NULL,
  PRIMARY KEY (`id`)
) ENGINE=InnoDB AUTO_INCREMENT=3 DEFAULT CHARSET=utf8;
/*!40101 SET character_set_client = @saved_cs_client */;

--
-- Dumping data for table `mdm_primary_keys`
--

LOCK TABLES `mdm_primary_keys` WRITE;
/*!40000 ALTER TABLE `mdm_primary_keys` DISABLE KEYS */;
INSERT INTO `mdm_primary_keys` VALUES (1,1,2),(2,2,3);
/*!40000 ALTER TABLE `mdm_primary_keys` ENABLE KEYS */;
UNLOCK TABLES;

--
-- Table structure for table `schema_migrations`
--

DROP TABLE IF EXISTS `schema_migrations`;
/*!40101 SET @saved_cs_client     = @@character_set_client */;
/*!40101 SET character_set_client = utf8 */;
CREATE TABLE `schema_migrations` (
  `version` varchar(255) NOT NULL,
  UNIQUE KEY `unique_schema_migrations` (`version`)
) ENGINE=InnoDB DEFAULT CHARSET=utf8;
/*!40101 SET character_set_client = @saved_cs_client */;

--
-- Dumping data for table `schema_migrations`
--

LOCK TABLES `schema_migrations` WRITE;
/*!40000 ALTER TABLE `schema_migrations` DISABLE KEYS */;
INSERT INTO `schema_migrations` VALUES ('20140725142058'),('20140725191830');
/*!40000 ALTER TABLE `schema_migrations` ENABLE KEYS */;
UNLOCK TABLES;
/*!40103 SET TIME_ZONE=@OLD_TIME_ZONE */;

/*!40101 SET SQL_MODE=@OLD_SQL_MODE */;
/*!40014 SET FOREIGN_KEY_CHECKS=@OLD_FOREIGN_KEY_CHECKS */;
/*!40014 SET UNIQUE_CHECKS=@OLD_UNIQUE_CHECKS */;
/*!40101 SET CHARACTER_SET_CLIENT=@OLD_CHARACTER_SET_CLIENT */;
/*!40101 SET CHARACTER_SET_RESULTS=@OLD_CHARACTER_SET_RESULTS */;
/*!40101 SET COLLATION_CONNECTION=@OLD_COLLATION_CONNECTION */;
/*!40111 SET SQL_NOTES=@OLD_SQL_NOTES */;

-- Dump completed on 2014-07-29 10:56:43
